API NO.,District,Lease,Well Number,Permitted Operator,County,Status Date,Status Number,Wellbore Profiles,Filing Purpose,Amend,Total Depth,Stacked Lateral Parent Well DP #,Status,HREF,Submitted_Dt,Approved_Dt,Horizontal Wellbore,Acres
12335385,02,WILLEKE A,21H,BPX OPERATING COMPANY(085408),DE WITT,Submitted: 02/15/2024 Approved: 03/21/2024,897395,Horizontal,New Drill,N,14000,,APPROVED,https://webapps2.rrc.texas.gov/EWA/drillingPermitDetailAction.do?methodToCall=searchByUniversalDocNo&universalDocNo=496975782&rrcActionMan=H4sIAAAAAAAAAL1Qu27DMAz8mnQU9LCCLByMop37CJrByKDYgiJAtgxK7gPQx5d2USB1OmcSeTwdj1cE5yCL4ALEHWJbt9nH4aXFruFHWPAPezLjmCSjMcv20yTm4vtG1VWliCBhIx8fDjWVai479CH4wT1Z7H1Oz5PFrx9V1kUiVdDbfI7dPt6bEAjQgDZPOOzjqzXYngnaAb8y06RlWqNLbDRo-jcTJrt4JA9CKqXVTs-dhpN1fkgHn2cxUvvTC7nqL_mrteJmGaTf27cwGmfx4sZ_AxHHZs2bvYIoFAYviooKeNH0bgm4_n2TOL8BXQS4rV8CAAA,2024-02-15,2024-03-21,,572.71
12335388,02,LESKE-MOTL SA A,1H,MARATHON OIL EF LLC(525398),DE WITT,Submitted: 03/07/2024 Approved: 03/22/2024,898019,Horizontal,New Drill,N,22000,,APPROVED,https://webapps2.rrc.texas.gov/EWA/drillingPermitDetailAction.do?methodToCall=searchByUniversalDocNo&universalDocNo=497065602&rrcActionMan=H4sIAAAAAAAAAL1Qu27DMAz8mnQU9LADLxyMop3bJmgGI4NiC4oA2TIoOW0BfXxpFwVSp3MmkcfT8XhZcA4yCy5APCC2dZtcGN5a7Bp-hAX_MCc9jlEyGrNkPnVkNlw2qi4KRQQJG_n8dKipVHPZofPeDfbFYO9SfJ0Mfv2osi4QqYDepHPo9uFRe09ACWjShMM-7IzG9kxQBfzGTBOXaY02slGj7t-1n8zikTwIqVSpqmruSjgZ64Z4cGkWI7U_vZCr_pq_WivulkH8vX0Lo7YGr278NxBxbNa82SuITGHwrKgogOeS3i0Bt7_vEuc3aid-0F8CAAA,2024-03-07,2024-03-22,Allocation,1048.77
12335389,02,LESKE-MOTL SA B,2H,MARATHON OIL EF LLC(525398),DE WITT,Submitted: 03/07/2024 Approved: 03/22/2024,898020,Horizontal,New Drill,N,22000,,APPROVED,https://webapps2.rrc.texas.gov/EWA/drillingPermitDetailAction.do?methodToCall=searchByUniversalDocNo&universalDocNo=497065603&rrcActionMan=H4sIAAAAAAAAAL1Qu27DMAz8mnQU9LCDdOBgFOncpEEzGBkUW1AEyJZByX0A-vjSLgqkTudMIo-n4_Gy4BxkFlyAeEBsqia50O8bbGt-ghn_MGc9DFEyGrNkPnVkNryvVFUUiggSVvJ5e6yoVFPZovPe9fbFYOdS3I0Gv35UWRuIVEBn0iW0h_CkvSegBDRpxP4QXo3G5kLQBviNmTrO0wptZING3b1pP5rZI3kQUqlSbR6nroSzsa6PR5cmMVL70wu56K_5i7XibhnE39vXMGhr8OrGfwMRp3rJm7yCyBQGz4qKAngu6V0TcPv7LnF-A8nzGdtfAgAA,2024-03-07,2024-03-22,Allocation,1048.77
12335390,02,LESKE-MOTL SA C,3H,MARATHON OIL EF LLC(525398),DE WITT,Submitted: 03/07/2024 Approved: 03/22/2024,898021,Horizontal,New Drill,N,22000,,APPROVED,https://webapps2.rrc.texas.gov/EWA/drillingPermitDetailAction.do?methodToCall=searchByUniversalDocNo&universalDocNo=497065604&rrcActionMan=H4sIAAAAAAAAAL1Qu27DMAz8mnQU9LCDduBgFO3cR9AMRgbFJhQBsmVQch-AP760iwKp0zmTyOPpeLxJSQl6UlKBuiFqqib72L801NbyAAv-gUc7DEkLHouMnzYJF983pioKwwQNG_34sK-4NHPZkg_B9-4JqfM5PY9IXz-qoo1MKqDDfIrtLt7bEBgogTCP1O_iK1pqTgzdgrwwU6dlWpFLYrBkuzcbRlw8sgeljSnNnZy7Eo7ofJ_2Ps9irPanV3rVn_NXa9XVMki_t29hsA7p7MZ_A1GHes2bvYKaOAw5GS4KkFPJ75aBy99XifMb9BeUxF8CAAA,2024-03-07,2024-03-22,Allocation,1048.77
12335391,02,LESKE-JUDD-MOTL SA D,4H,MARATHON OIL EF LLC(525398),DE WITT,Submitted: 03/07/2024 Approved: 03/22/2024,898022,Horizontal,New Drill,N,22000,,APPROVED,https://webapps2.rrc.texas.gov/EWA/drillingPermitDetailAction.do?methodToCall=searchByUniversalDocNo&universalDocNo=497065608&rrcActionMan=H4sIAAAAAAAAAL1Qu27DMAz8mnQU9LCDduBgFO3cR9AMRgbFJhQBsmVQch-AP760iwKp0zmTyOPpeLxJSQl6UlKBuiFqqib72L801NbyAAv-gUc7DEkLHouMnzYJF983pioKwwQNG_34sK-4NHPZkg_B9-4JqfM5PY9IXz-qoo1MKqDDfIrtLt7bEBgogTCP1O_iK1pqTgzdgrwwU6dlWpFLYrBkuzcbRlw8sgeljSnNnZq7Eo7ofJ_2Ps9irPanV3rVn_NXa9XVMki_t29hsA7p7MZ_A1GHes2bvYKaOAw5GS4KkFPJ75aBy99XifMbV8Pzz18CAAA,2024-03-07,2024-03-22,Allocation,1428.54
12335392,02,P. FRISBIE B,6H,BPX OPERATING COMPANY(085408),DE WITT,Submitted: 03/19/2024 Approved: 03/28/2024,898259,Horizontal,New Drill,N,14000,,APPROVED,https://webapps2.rrc.texas.gov/EWA/drillingPermitDetailAction.do?methodToCall=searchByUniversalDocNo&universalDocNo=497103340&rrcActionMan=H4sIAAAAAAAAAL1Qu27DMAz8mnQU9LCDduBgFO3cR9AMRgbFJhQBsmVQch-AP760iwKp0zmTyOPpeLxJSQl6UlKBuiFqqib72L801NbyAAv-gUc7DEkLHouMnzYJF983pioKwwQNG_34sK-4NHPZkg_B9-4JqfM5PY9IXz-qoo1MKqDDfIrtLt7bEBgogTCP1O_iK1pqTgzdgrwwU6dlWpFLYrBkuzcbRlw8sgeljSnN3XwJCx7R-T7tfZ7FWO1Pr_SqP-ev1qqrZZB-b9_CYB3S2Y3_BqIO9Zo3ewU1cRhyMlwUIKeS3y0Dl7-vEuc3sr5b0l8CAAA,2024-03-19,2024-03-28,,320.0
12335393,02,P. FRISBIE B,7H,BPX OPERATING COMPANY(085408),DE WITT,Submitted: 03/25/2024 Approved: 03/28/2024,898369,Horizontal,New Drill,N,14000,,APPROVED,https://webapps2.rrc.texas.gov/EWA/drillingPermitDetailAction.do?methodToCall=searchByUniversalDocNo&universalDocNo=497103363&rrcActionMan=H4sIAAAAAAAAAL1Qu27DMAz8mnQU9LCDduBgFO3cR9AMRgbFJhQBsmVQch-AP760iwKp0zmTyOPpeLxJSQl6UlKBuiFqqib72L801NbyAAv-gUc7DEkLHouMnzYJF983pioKwwQNG_34sK-4NHPZkg_B9-4JqfM5PY9IXz-qoo1MKqDDfIrtLt7bEBgogTCP1O_iK1pqTgzdgrwwU6dlWpFLYrBkuzcbRlw8sgeljSnN3WyIBY_ofJ_2Ps9irPanV3rVn_NXa9XVMki_t29hsA7p7MZ_A1GHes2bvYKaOAw5GS4KkFPJ75aBy99XifMbEWo82V8CAAA,2024-03-25,2024-03-28,,320.0
12335394,02,P. FRISBIE B,8H,BPX OPERATING COMPANY(085408),DE WITT,Submitted: 03/25/2024 Approved: 03/26/2024,898370,Horizontal,New Drill,N,14000,,APPROVED,https://webapps2.rrc.texas.gov/EWA/drillingPermitDetailAction.do?methodToCall=searchByUniversalDocNo&universalDocNo=497084975&rrcActionMan=H4sIAAAAAAAAAL1Qu27DMAz8mnQU9HLQDhyMop37CJrByKDYgiJAtgxK7gPQx5d2USB1OmcSeTwdj1cE5yCL4ALEDWJbt9nH4aXFruEHWPAPezTjmCSjMcv20yTm4vtG1VorIkjYyMeHfU2lmssOfQh-cE8We5_T82Tx60eVdZFIGnqbT7HbxXsTAgEVoM0TDrv4ag22J4JugV-YadIyrdElNho0_ZsJk108kgchlarUnZ67Co7W-SHtfZ7FSO1PL-SqP-ev1oqrZZB-b9_CaJzFsxv_DUQcmjVv9gqiUBi8KCo08FLRuyXg8vdV4vwGeEUL6V8CAAA,2024-03-25,2024-03-26,,320.0
12335395,02,LP BUTLER B,13H,BPX OPERATING COMPANY(085408),DE WITT,Submitted: 03/26/2024 Approved: 03/28/2024,898377,Horizontal,New Drill,N,14000,,APPROVED,https://webapps2.rrc.texas.gov/EWA/drillingPermitDetailAction.do?methodToCall=searchByUniversalDocNo&universalDocNo=497084964&rrcActionMan=H4sIAAAAAAAAAL1Qu27DMAz8mnQU9LCCduBgFO3cR9AMRgbFFhQBsmVQch-APr60iwKp0zmTyOPpeLwiOAdZBBcgbhDbus0-Di8tdg0_wIJ_2KMZxyQZjVm2nyYxF983qq4qRQQJG_n4sK-pVHPZoQ_BD-7JYu9zep4sfv2osi4SqYLe5lPsdvHehECABrR5wmEXX63B9kTQLfALM01apjW6xEaDpn8zYbKLR_IgpFJa3em503C0zg9p7_MsRmp_eiFX_Tl_tVZcLYP0e_sWRuMsnt34byDi0Kx5s1cQhcLgRVFRAS-a3i0Bl7-vEuc325Fs4l8CAAA,2024-03-26,2024-03-28,,639.8
12335396,02,LP BUTLER B,14H,BPX OPERATING COMPANY(085408),DE WITT,Submitted: 03/26/2024 Approved: 03/28/2024,898378,Horizontal,New Drill,N,14000,826637,APPROVED,https://webapps2.rrc.texas.gov/EWA/drillingPermitDetailAction.do?methodToCall=searchByUniversalDocNo&universalDocNo=497084971&rrcActionMan=H4sIAAAAAAAAAL1Qu27DMAz8mnQU9LCNduBgFO3cJkEzGBkUW1AEyJZByX0A-vjSLgqkTudMIo-n4_Gy4BxkFlyAuENs6za5MGxb7Bp-hAX_MCc9jlEyGrNkPnVkNrxvVF0UiggSNvL56VBTqeayQ-e9G-yLwd6l-DoZ_PpRZV0gUgG9SefQ7cOj9p6AEtCkCYd92BmN7Zmge-BXZpq4TGu0kY0adf-m_WQWj-RBSKVK9VDNXQknY90QDy7NYqT2pxdy1V_yV2vFzTKIv7dXMGpr8OLGfwMRx2bNm72CyBQGz4qKAngu6a0IuP59kzi_AT7sxP9fAgAA,2024-03-26,2024-03-28,Stacked Lateral,639.8
12335397,02,LP BUTLER B,15H,BPX OPERATING COMPANY(085408),DE WITT,Submitted: 03/26/2024 Approved: 03/28/2024,898379,Horizontal,New Drill,N,14000,,APPROVED,https://webapps2.rrc.texas.gov/EWA/drillingPermitDetailAction.do?methodToCall=searchByUniversalDocNo&universalDocNo=497084973&rrcActionMan=H4sIAAAAAAAAAL1Qu27DMAz8mnQU9LDTduBgBO2ctEEzGBkUW1AEyJZByX0A-vjSLgqkTudMIo-n4_Gy4BxkFlyAuENsqia50L802Nb8CDP-YU56GKJkNGbJfOrIbHhfqaooFBEkrOTz06GiUk1li85719utwc6luBsNfv2osjYQqYDOpHNo92GjvSegBDRpxH4fXo3G5kzQA_ArM3WcpxXayAaNunvTfjSzR_IgpFKleryfuhJOxro-HlyaxEjtTy_kor_kL9aKm2UQf29fw6CtwYsb_w1EHOslb_IKIlMYPCsqCuC5pHdNwPXvm8T5DZ04o_RfAgAA,2024-03-26,2024-03-28,,639.8
12335398,02,LP BUTLER B,16H,BPX OPERATING COMPANY(085408),DE WITT,Submitted: 03/26/2024 Approved: 03/28/2024,898380,Horizontal,New Drill,N,14000,,APPROVED,https://webapps2.rrc.texas.gov/EWA/drillingPermitDetailAction.do?methodToCall=searchByUniversalDocNo&universalDocNo=497084974&rrcActionMan=H4sIAAAAAAAAAL1Qu27DMAz8mnQU9LCDdOBgFOncpEEzGBkUW1AEyJZByX0A-vjSLgqkTudMIo-n4_Gy4BxkFlyAeEBsqia50O8bbGt-ghn_MGc9DFEyGrNkPnVkNryvVFUUiggSVvJ5e6yoVFPZovPe9fbFYOdS3I0Gv35UWRuIVEBn0iW0h_CkvSegBDRpxP4QXo3G5kLQBviNmTrO0wptZING3b1pP5rZI3kQUqlSPW6mroSzsa6PR5cmMVL70wu56K_5i7XibhnE39vXMGhr8OrGfwMRp3rJm7yCyBQGz4qKAngu6V0TcPv7LnF-A-yyqp9fAgAA,2024-03-26,2024-03-28,,639.8
17339099,08,HAWKEN,1HA,"CROWNQUEST OPERATING, LLC(191554)",GLASSCOCK,Submitted: 03/07/2024 Approved: 03/14/2024,898036,Horizontal,New Drill,N,9000,,APPROVED,https://webapps2.rrc.texas.gov/EWA/drillingPermitDetailAction.do?methodToCall=searchByUniversalDocNo&universalDocNo=497064576&rrcActionMan=H4sIAAAAAAAAAL1Qu27DMAz8mnQU9LDTeuBgFO3cR9AMRgbFFhQBsmVQch-APr60iwKp0zmTyOPpeLwsOAeZBRcgbhDbuk0uDC8tdg0_wIJ_mKMexygZjVkynzoyG943qi4KRQQJG_n4sK-pVHPZofPeDfbJYO9SfJ4Mfv2osi4QqYDepFPoduFee09ACWjShMMuvBqN7YmgO-AXZpq4TGu0kY0adf-m_WQWj-RB3CpV8aqauxKOxroh7l2axUjtTy_kqj_nr9aKq2UQf2_fwqitwbMb_w1EHJo1b_YKIlMYPCsqCuC5pHdLwOXvq8T5DVpzCC5fAgAA,2024-03-07,2024-03-14,Allocation,482.7
17339100,08,HAWKEN,2HD,"CROWNQUEST OPERATING, LLC(191554)",GLASSCOCK,Submitted: 03/07/2024 Approved: 03/14/2024,898037,Horizontal,New Drill,N,11000,898036,APPROVED,https://webapps2.rrc.texas.gov/EWA/drillingPermitDetailAction.do?methodToCall=searchByUniversalDocNo&universalDocNo=497064577&rrcActionMan=H4sIAAAAAAAAAL1Qu27DMAz8mnQU9LDTduBgBO2ctEEzGBkUW1AEyJZByX0A-vjSLgqkTudMOh5P5PGy4BxkFlyAuENsqia50L802Nb8CDP_YU56GKJk1GbJfOrIbHhfqaooFAkkrOTz06EiqCbYovPe9XZrsHMp7kaDXz9TWRtIVEBn0jm0-7DR3hNRApo0Yr8Pr0ZjcybqAfiVmTrO3QptZING3b1pP5rZI3kQ90o9EpqqEk7Guj4eXJqG0bQ_tZCL-lK_WCtulkH8vX0Ng7YGL278NxBxrJe6ySuITGHwrAgUwHNJ75qI6983ifMbFMMmJl8CAAA,2024-03-07,2024-03-14,"Allocation, Stacked Lateral",482.7
17339101,08,HAWKEN,3BB,"CROWNQUEST OPERATING, LLC(191554)",GLASSCOCK,Submitted: 03/07/2024 Approved: 03/14/2024,898038,Horizontal,New Drill,N,9000,898036,APPROVED,https://webapps2.rrc.texas.gov/EWA/drillingPermitDetailAction.do?methodToCall=searchByUniversalDocNo&universalDocNo=497064578&rrcActionMan=H4sIAAAAAAAAAL1Qu27DMAz8mnQU9LDTduBgBO2ctEEzGBkUW1AEyJZByX0A-vjSLgqkTudMIo-n4_Gy4BxkFlyAuENsqia50L802Nb8CDP-YU56GKJkNGbJfOrIbHhfqaooFBEkrOTz06GiUk1li85719utwc6luBsNfv2osjYQqYDOpHNo92GjvSegBDRpxH4fXo3G5kzQA_ArM3WcpxXayAaNunvTfjSzR_Ig7pV6JLdTV8LJWNfHg0uTGKn96YVc9Jf8xVpxswzi7-1rGLQ1eHHjv4GIY73kTV5BZAqDZ0VFATyX9K4JuP59kzi_AbcXQS1fAgAA,2024-03-07,2024-03-14,"Allocation, Stacked Lateral",482.7
17339102,08,HAWKEN,4JM,"CROWNQUEST OPERATING, LLC(191554)",GLASSCOCK,Submitted: 03/07/2024 Approved: 03/14/2024,898039,Horizontal,New Drill,N,9000,898036,APPROVED,https://webapps2.rrc.texas.gov/EWA/drillingPermitDetailAction.do?methodToCall=searchByUniversalDocNo&universalDocNo=497064579&rrcActionMan=H4sIAAAAAAAAAL1Qu27DMAz8mnQU9LDTduBgBO2ctEEzGBkUW1AEyJZByX0A-vjSLgqkTudMIo-n4_Gy4BxkFlyAuENsqia50L802Nb8CDP-YU56GKJkNGbJfOrIbHhfqaooFBEkrOTz06GiUk1li85719utwc6luBsNfv2osjYQqYDOpHNo92GjvSegBDRpxH4fXo3G5kzQA_ArM3WcpxXayAaNunvTfjSzR_Ig7pV6JDNTV8LJWNfHg0uTGKn96YVc9Jf8xVpxswzi7-1rGLQ1eHHjv4GIY73kTV5BZAqDZ0VFATyX9K4JuP59kzi_AVJq6TBfAgAA,2024-03-07,2024-03-14,"Allocation, Stacked Lateral",482.7
17339103,08,HAWKEN,5HB,"CROWNQUEST OPERATING, LLC(191554)",GLASSCOCK,Submitted: 03/12/2024 Approved: 03/14/2024,898091,Horizontal,New Drill,N,9000,898036,APPROVED,https://webapps2.rrc.texas.gov/EWA/drillingPermitDetailAction.do?methodToCall=searchByUniversalDocNo&universalDocNo=497078862&rrcActionMan=H4sIAAAAAAAAAL1Qu27DMAz8mnQU9LDTduBgBO2ctEEzGBkUW1AEyJZByX0A-vjSLgqkTudMIo-n4_Gy4BxkFlyAuENsqia50L802Nb8CDP-YU56GKJkNGbJfOrIbHhfqaooFBEkrOTz06GiUk1li85719utwc6luBsNfv2osjYQqYDOpHNo92GjvSegBDRpxH4fXo3G5kzQA_ArM3WcpxXayAaNunvTfjSzR_Ig7pV6JAdTV8LJWNfHg0uTGKn96YVc9Jf8xVpxswzi7-1rGLQ1eHHjv4GIY73kTV5BZAqDZ0VFATyX9K4JuP59kzi_AfG-jjtfAgAA,2024-03-12,2024-03-14,"Allocation, Stacked Lateral",482.7
17339104,08,HAWKEN,6LM,"CROWNQUEST OPERATING, LLC(191554)",GLASSCOCK,Submitted: 03/12/2024 Approved: 03/14/2024,898093,Horizontal,New Drill,N,9000,898036,APPROVED,https://webapps2.rrc.texas.gov/EWA/drillingPermitDetailAction.do?methodToCall=searchByUniversalDocNo&universalDocNo=497079911&rrcActionMan=H4sIAAAAAAAAAL1Qu27DMAz8mnQU9LDTduBgBO2ctEEzGBkUW1AEyJZByX0A-vjSLgqkTudMIo-n4_Gy4BxkFlyAuENsqia50L802Nb8CDP-YU56GKJkNGbJfOrIbHhfqaooFBEkrOTz06GiUk1li85719utwc6luBsNfv2osjYQqYDOpHNo92GjvSegBDRpxH4fXo3G5kzQA_ArM3WcpxXayAaNunvTfjSzR_Ig7pV6JPGpK-FkrOvjwaVJjNT-9EIu-kv-Yq24WQbx9_Y1DNoavLjx30DEsV7yJq8gMoXBs6KiAJ5LetcEXP--SZzfmJG5C18CAAA,2024-03-12,2024-03-14,"Allocation, Stacked Lateral",482.7
17339107,08,ZANT HURT BLALOCK EAST UNIT 1,0181NH,XTO ENERGY INC.(945936),GLASSCOCK,Submitted: 03/11/2024 Approved: 03/28/2024,898080,Horizontal,New Drill,N,10185,,APPROVED,https://webapps2.rrc.texas.gov/EWA/drillingPermitDetailAction.do?methodToCall=searchByUniversalDocNo&universalDocNo=497075785&rrcActionMan=H4sIAAAAAAAAAL1Qu27DMAz8mnQU9LCTduBgFO3cpEEzGBkUW1AEyJZByX0A-vjSLgqkTudMIo-n4_Gy4BxkFlyAuENsqia50O8abGt-hBn_MCc9DFEyGrNkPnVkNryvVFUUiggSVvL56VBRqaayRee96-2Lwc6luB0Nfv2osjYQqYDOpHNo9-FRe09ACWjSiP0-vBqNzZmge-BXZuo4Tyu0kQ0adfem_Whmj-RBbJR6EHwzdSWcjHV9PLg0iZHan17IRX_JX6wVN8sg_t6-hkFbgxc3_huIONZL3uQVRKYweFZUFMBzSe-agOvfN4nzG33sERZfAgAA,2024-03-11,2024-03-28,,815.21
17339108,08,ZANT HURT BLALOCK UNIT 1,4881NH,XTO ENERGY INC.(945936),GLASSCOCK,Submitted: 03/26/2024 Approved: 03/27/2024,898101,Horizontal,New Drill,Y,10219,,APPROVED,https://webapps2.rrc.texas.gov/EWA/drillingPermitDetailAction.do?methodToCall=searchByUniversalDocNo&universalDocNo=497133861&rrcActionMan=H4sIAAAAAAAAAL1Ru27DMAz8mnQU9LDTduBgBO2ctEEzGBkUW1AEyJZByX0A-vjSLgqkTudsvOOROp6y4BxkFlyAuENsqia50L802Nb8CDP_YU56GKJk1GbJfOrIbHhfqaooFAkkrOTz06GiUk1li85719utwc6luBsNfv1sZW0gUQGdSefQ7sNGe09ECWjSiP0-vBqNzZmoB-BXZuo4dyu0kQ0adfem_Whmj-RB3Cv1SIMTKuFkrOvjwaVpGW37g4Vc4Ev94llxswzi7-1rGLQ1eHHjv4GIY73UTV5BZAqDZ0WfWgDPJRFrIq6nbxLnNy75RltfAgAA,2024-03-26,2024-03-27,,656.6
17339109,08,HAWKEN F,11HD,"CROWNQUEST OPERATING, LLC(191554)",GLASSCOCK,Submitted: 03/12/2024 Approved: 03/15/2024,898116,Horizontal,New Drill,N,11000,,APPROVED,https://webapps2.rrc.texas.gov/EWA/drillingPermitDetailAction.do?methodToCall=searchByUniversalDocNo&universalDocNo=497079927&rrcActionMan=H4sIAAAAAAAAAL1Qu27DMAz8mnQU9LDTZuBgFO3cpEEzGBkUW1AEyJZByX0A-vjSLgqkTudMIo-n4_Gy4BxkFlyAuENsqia50O8abGt-hBn_MCc9DFEyGrNkPnVkNryvVFUUiggSVvL56VBRqaayRee96-2Lwc6luB0Nfv2osjYQqYDOpHNo9-FRe09ACWjSiP0-vBqNzZmgB-BXZuo4Tyu0kQ0adfem_Whmj-RB3Cu1EXwzdSWcjHV9PLg0iZHan17IRX_JX6wVN8sg_t6-hkFbgxc3_huIONZL3uQVRKYweFZUFMBzSe-agOvfN4nzG6-yf3ZfAgAA,2024-03-12,2024-03-15,Allocation,482.7
17339110,08,HAWKEN E,8HA,"CROWNQUEST OPERATING, LLC(191554)",GLASSCOCK,Submitted: 03/12/2024 Approved: 03/15/2024,898108,Horizontal,New Drill,N,9000,898103,APPROVED,https://webapps2.rrc.texas.gov/EWA/drillingPermitDetailAction.do?methodToCall=searchByUniversalDocNo&universalDocNo=497079921&rrcActionMan=H4sIAAAAAAAAAL1Qu27DMAz8mnQURMtO24GDEbRz0gbNYGRQbEERYFsGJfcB6ONLuyiQOp0ziTyejsdLICVmCSQg3BHVZR2d719qaip5xBn_MCc9DCETPBbRfOogrH9fqTLPFRMyXGXPT4eSSzWVDbm2db3dGupcDLvR0NePqmg8k3LsTDz7Zu83um0ZKJBMHKnf-1ejqT4z9IDyykwV5mlJNohBk-7edDua2SN7gHulHgHk1BV4Mtb14eDiJMZqf3rIFv0lf7EWbpZB-L19jYO2hi5u_DcQOFZL3uQVIXEYMikucpSp4HfNwPXvm8T5DZJW8mlfAgAA,2024-03-12,2024-03-15,"Allocation, Stacked Lateral",482.7
17339111,08,HAWKEN E,9HB,"CROWNQUEST OPERATING, LLC(191554)",GLASSCOCK,Submitted: 03/12/2024 Approved: 03/15/2024,898111,Horizontal,New Drill,N,9000,898103,APPROVED,https://webapps2.rrc.texas.gov/EWA/drillingPermitDetailAction.do?methodToCall=searchByUniversalDocNo&universalDocNo=497079924&rrcActionMan=H4sIAAAAAAAAAL1Qu27DMAz8mnQURMtO24GDEbRz0gbNYGRQbEERYFsGJfcB6ONLuyiQOp0ziTyejsdLICVmCSQg3BHVZR2d719qaip5xBn_MCc9DCETPBbRfOogrH9fqTLPFRMyXGXPT4eSSzWVDbm2db3dGupcDLvR0NePqmg8k3LsTDz7Zu83um0ZKJBMHKnf-1ejqT4z9IDyykwV5mlJNohBk-7edDua2SN7gHulHgFg6go8Gev6cHBxEmO1Pz1ki_6Sv1gLN8sg_N6-xkFbQxc3_hsIHKslb_KKkDgMmRQXOcpU8Ltm4Pr3TeL8BjGClWJfAgAA,2024-03-12,2024-03-15,"Allocation, Stacked Lateral",482.7
17339112,08,HAWKEN E,10LM,"CROWNQUEST OPERATING, LLC(191554)",GLASSCOCK,Submitted: 03/12/2024 Approved: 03/15/2024,898114,Horizontal,New Drill,N,9000,898103,APPROVED,https://webapps2.rrc.texas.gov/EWA/drillingPermitDetailAction.do?methodToCall=searchByUniversalDocNo&universalDocNo=497079925&rrcActionMan=H4sIAAAAAAAAAL1Qu27DMAz8mnQ0RMlJ24GDEbRzH0EzGBkUW1AEyJZByX0A-vjSLgqkTudMIo-n4_EyCIEygwCEG6KmapIL_UtDbS0OOOMf5qiHIcqCx0UynzoWNryvVFWWigkSV_LxYV9xqaayJee96-2Toc6l-Dwa-vpRLdrApBI7k06h3YWt9p6BNZJJI_W78Go0NSeG7lBcmKnjPK3IxmLQpLs37Ucze2QPcKvUPcB0CQsejXV93Ls0ibHanx7koj_nL9bC1TKIv7dvcNDW0NmN_wYCh3rJm7wiZA5DZMVFiSKv-d0wcPn7KnF-A9T_PX9fAgAA,2024-03-12,2024-03-15,"Allocation, Stacked Lateral",482.7
17339113,08,HAWKEN E,7HD,"CROWNQUEST OPERATING, LLC(191554)",GLASSCOCK,Submitted: 03/12/2024 Approved: 03/15/2024,898103,Horizontal,New Drill,N,11000,,APPROVED,https://webapps2.rrc.texas.gov/EWA/drillingPermitDetailAction.do?methodToCall=searchByUniversalDocNo&universalDocNo=497079912&rrcActionMan=H4sIAAAAAAAAAL1Qu27DMAz8mnQ0RMlJ24GDEbRzH0EzGBkUW1AEyJZByX0A-vjSLgqkTudMIo-n4_EyCIEygwCEG6KmapIL_UtDbS0OOOMf5qiHIcqCx0UynzoWNryvVFWWigkSV_LxYV9xqaayJee96-2Toc6l-Dwa-vpRLdrApBI7k06h3YWt9p6BNZJJI_W78Go0NSeG7lBcmKnjPK3IxmLQpLs37Ucze2QPcKvUPcBkiAWPxro-7l2axFjtTw9y0Z_zF2vhahnE39s3OGhr6OzGfwOBQ73kTV4RMochsuKiRJHX_G4YuPx9lTi_AXcrWnRfAgAA,2024-03-12,2024-03-15,Allocation,482.7
17339114,08,HAWKEN F,12HA,"CROWNQUEST OPERATING, LLC(191554)",GLASSCOCK,Submitted: 03/12/2024 Approved: 03/15/2024,898119,Horizontal,New Drill,N,9000,898116,APPROVED,https://webapps2.rrc.texas.gov/EWA/drillingPermitDetailAction.do?methodToCall=searchByUniversalDocNo&universalDocNo=497079928&rrcActionMan=H4sIAAAAAAAAAL1Qu27DMAz8mnQ0RMlO24GDEbRz0gbNYGRQbEERYFsGJfcB6ONLuyiQOp0ziTyejsdLIATKBAIQ7ojqso7O9y81NZU44ox_mJMehiAzHmfRfOqQWf--UmWeKyZIXMnnp0PJpZrKhlzbut5uDXUuht1o6OtHNWs8k3LsTDz7Zu83um0ZKJBMHKnf-1ejqT4z9IDiykwV5mlJNmSDJt296XY0s0f2APdKPQLkU1fgyVjXh4OLkxir_elBLvpL_mIt3CyD8Hv7GgdtDV3c-G8gcKyWvMkrQuIwRFJc5ChSwe-agevfN4nzGx4EbURfAgAA,2024-03-12,2024-03-15,"Allocation, Stacked Lateral",482.7
17339115,08,HAWKEN F,13BB,"CROWNQUEST OPERATING, LLC(191554)",GLASSCOCK,Submitted: 03/12/2024 Approved: 03/15/2024,898120,Horizontal,New Drill,N,9000,898116,APPROVED,https://webapps2.rrc.texas.gov/EWA/drillingPermitDetailAction.do?methodToCall=searchByUniversalDocNo&universalDocNo=497079929&rrcActionMan=H4sIAAAAAAAAAL1Qu27DMAz8mnQURMtO24GDEbRz0gbNYGRQbEERYFsGJfcB6ONLuyiQOp0ziTyejsdLICVmCSQg3BHVZR2d719qaip5xBn_MCc9DCETPBbRfOogrH9fqTLPFRMyXGXPT4eSSzWVDbm2db3dGupcDLvR0NePqmg8k3LsTDz7Zu83um0ZKJBMHKnf-1ejqT4z9IDyykwV5mlJNohBk-7edDua2SN7gHulHgGKqSvwZKzrw8HFSYzV_vSQLfpL_mIt3CyD8Hv7GgdtDV3c-G8gcKyWvMkrQuIwZFJc5ChTwe-agevfN4nzG73QCk9fAgAA,2024-03-12,2024-03-15,"Allocation, Stacked Lateral",482.7
17339116,08,HAWKEN F,15LM,"CROWNQUEST OPERATING, LLC(191554)",GLASSCOCK,Submitted: 03/13/2024 Approved: 03/15/2024,898138,Horizontal,New Drill,N,9000,898116,APPROVED,https://webapps2.rrc.texas.gov/EWA/drillingPermitDetailAction.do?methodToCall=searchByUniversalDocNo&universalDocNo=497084982&rrcActionMan=H4sIAAAAAAAAAL1Qu27DMAz8mnQURMt224GDEbRzH0EzGBkUW1AE2JZByX0A-vjSLgqkTudMIo-n4_ESSIlZAgkIN0RN1UTnh5eG2loecME_zFGPY8gEj0U0nzoI6983qspzxYQMN9njw77iUs1lS67r3GCfDPUuhufJ0NePqmg9k3LsTTz5due3uusYKJBMnGjY-VejqTkxdIfywkwdlmlFNohRk-7fdDeZxSN7gFul7gHKuSvwaKwbwt7FWYzV_vSQrfpz_motXC2D8Ht7iaO2hs5u_DcQONRr3uwVIXEYMikucpSp4Ldk4PL3VeL8BlitolJfAgAA,2024-03-13,2024-03-15,"Allocation, Stacked Lateral",482.7
17339117,08,HAWKEN F,16HB,"CROWNQUEST OPERATING, LLC(191554)",GLASSCOCK,Submitted: 03/13/2024 Approved: 03/15/2024,898140,Horizontal,New Drill,N,9000,898116,APPROVED,https://webapps2.rrc.texas.gov/EWA/drillingPermitDetailAction.do?methodToCall=searchByUniversalDocNo&universalDocNo=497084983&rrcActionMan=H4sIAAAAAAAAAL1Qu27DMAz8mnQURMtO2oGDUbRzkwbNYGRQbEERYFsGJfcB6ONLuyiQOp0ziTyejsdLICVmCSQg3BHVZR2d73c1NZU84ox_mJMehpAJHotoPnUQ1r-vVJnnigkZrrLnp0PJpZrKhlzbut6-GOpcDNvR0NePqmg8k3LsTDz7Zu8fddsyUCCZOFK_969GU31m6B7llZkqzNOSbBCDJt296XY0s0f2ABulHgA2U1fgyVjXh4OLkxir_ekhW_SX_MVauFkG4ff2NQ7aGrq48d9A4FgteZNXhMRhyKS4yFGmgt81A9e_bxLnN_t5xVlfAgAA,2024-03-13,2024-03-15,"Allocation, Stacked Lateral",482.7
17339118,08,HAWKEN G,17HD,"CROWNQUEST OPERATING, LLC(191554)",GLASSCOCK,Submitted: 03/13/2024 Approved: 03/15/2024,898141,Horizontal,New Drill,N,11000,,APPROVED,https://webapps2.rrc.texas.gov/EWA/drillingPermitDetailAction.do?methodToCall=searchByUniversalDocNo&universalDocNo=497084984&rrcActionMan=H4sIAAAAAAAAAL1Qu27DMAz8mnQURMtO04GDUbRzkwbNYGRQbEERYFsGJfcB6ONLuyiQOp0ziTyejsdLICVmCSQg3BHVZR2d73c1NZU84ox_mJMehpAJHotoPnUQ1r-vVJnnigkZrrLnp0PJpZrKhlzbut6-GOpcDNvR0NePqmg8k3LsTDz7Zu8fddsyUCCZOFK_969GU31maIPyykwV5mlJNohBk-7edDua2SN7gHulHgA2U1fgyVjXh4OLkxir_ekhW_SX_MVauFkG4ff2NQ7aGrq48d9A4FgteZNXhMRhyKS4yFGmgt81A9e_bxLnN4rzzDJfAgAA,2024-03-13,2024-03-15,Allocation,482.7
17339119,08,HAWKEN G,18DN,"CROWNQUEST OPERATING, LLC(191554)",GLASSCOCK,Submitted: 03/13/2024 Approved: 03/15/2024,898142,Horizontal,New Drill,N,9000,898141,APPROVED,https://webapps2.rrc.texas.gov/EWA/drillingPermitDetailAction.do?methodToCall=searchByUniversalDocNo&universalDocNo=497084985&rrcActionMan=H4sIAAAAAAAAAL1Qu27DMAz8mnQURMtOm4GDUbRzkwbNYGRQbEERYFsGJfcB6ONLuyiQOp0ziTyejsdLICVmCSQg3BHVZR2d73c1NZU84ox_mJMehpAJHotoPnUQ1r-vVJnnigkZrrLnp0PJpZrKhlzbut6-GOpcDNvR0NePqmg8k3LsTDz7Zu8fddsyUCCZOFK_969GU31m6AHllZkqzNOSbBCDJt296XY0s0f2APdKbQA2U1fgyVjXh4OLkxir_ekhW_SX_MVauFkG4ff2NQ7aGrq48d9A4FgteZNXhMRhyKS4yFGmgt81A9e_bxLnNyknqzlfAgAA,2024-03-13,2024-03-15,"Allocation, Stacked Lateral",482.7
17339120,08,HAWKEN F,14JM,"CROWNQUEST OPERATING, LLC(191554)",GLASSCOCK,Submitted: 03/13/2024 Approved: 03/21/2024,898136,Horizontal,New Drill,N,9000,898116,APPROVED,https://webapps2.rrc.texas.gov/EWA/drillingPermitDetailAction.do?methodToCall=searchByUniversalDocNo&universalDocNo=497084981&rrcActionMan=H4sIAAAAAAAAAL1Qu27DMAz8mnQU9LDTduBgBO2ctEEzGBkUW1AEyJZByX0A-vjSLgqkTudMIo-n4_Gy4BxkFlyAuENsqia50L802Nb8CDP-YU56GKJkNGbJfOrIbHhfqaooFBEkrOTz06GiUk1li85719utwc6luBsNfv2osjYQqYDOpHNo92GjvSegBDRpxH4fXo3G5kzQA_ArM3WcpxXayAaNunvTfjSzR_Ig7pV6FJJPXQknY10fDy5NYqT2pxdy0V_yF2vFzTKIv7evYdDW4MWN_wYijvWSN3kFkSkMnhUVBfBc0rsm4Pr3TeL8Bhjoj7lfAgAA,2024-03-13,2024-03-21,"Allocation, Stacked Lateral",482.7
17734648,01,COOK R,16H,"EOG RESOURCES, INC.(253162)",GONZALES,Submitted: 08/31/2023 Approved: 09/01/2023,893370,Horizontal,New Drill,N,11500,,APPROVED,https://webapps2.rrc.texas.gov/EWA/drillingPermitDetailAction.do?methodToCall=searchByUniversalDocNo&universalDocNo=496298728&rrcActionMan=H4sIAAAAAAAAAL1Qu27DMAz8mnQU9LKThYNRtHMfQTMYGRRbcATIlkHJfQD6-NIuCqRO50wij6fj8bLgHGQWXIC4Q2yqJrkwvDTY1vwIC_5hT2Yco2Q0Zsl-msi68L5RldaKCBI28vHhUFGp5rJF570buieLvUvxebL49aPK2kAkDb1N59Duw73xnoAC0KYJh314tQabM0E74Fdm6rhMK-wiGw2a_s34yS4eyYPYbpUu9W7uCjjZzg3x4NIsRmp_eiFX_SV_tVbcLIP4e3sJo-ksXtz4byDiWK95s1cQmcLgWVGhgeeC3pKA6983ifMbwTcoqF8CAAA,2023-08-31,2023-09-01,Allocation,1706.94
22742422,08,SHAFER 12-32 A UNIT,L 1H,"HIGHPEAK ENERGY HOLDINGS, LLC(385826)",HOWARD,Submitted: 02/21/2024 Approved: 03/22/2024,897585,Horizontal,New Drill,N,6250,,APPROVED,https://webapps2.rrc.texas.gov/EWA/drillingPermitDetailAction.do?methodToCall=searchByUniversalDocNo&universalDocNo=496991055&rrcActionMan=H4sIAAAAAAAAAL1Qu27DMAz8mnQ0JFpJu3AwinZuk6AZjAyKLSgCZMug5D4AfXxpFwVSp3MmHY-n45FZCoGQpZAo74iaqkku9NuG2locceY_zEkPQ4SC20UynzoWNryvykqpkgWAK3h-OlQMywm25Lx3vX0x1LkUX0dDXz-uRRtYpLAz6RzafXjU3jOxRjJppH4fdkZTc2bqAcVVmDrO3YpsLAZNunvTfjRzRs4AcK9AwbQJG56MdX08uDSZsdufWsKivtQvxsqb3SD-7r7BQVtDFzv-exB5rJe6KSvKDChFLhkoFHnN74aJ6983Oec3WMzO518CAAA,2024-02-21,2024-03-22,,960.0
22742448,08,ELROD-ANTELL UNIT B 11-02,6MH,"SURGE OPERATING, LLC(760725)",HOWARD,Submitted: 03/18/2024 Approved: 03/19/2024,898232,Horizontal,New Drill,N,8500,815509,APPROVED,https://webapps2.rrc.texas.gov/EWA/drillingPermitDetailAction.do?methodToCall=searchByUniversalDocNo&universalDocNo=497099244&rrcActionMan=H4sIAAAAAAAAAL1Qu27DMAz8mnQUJFlOs3AwinRu0qAZjAyKLSgCZMug5D4AfXxpFwVSp3MmHY-n45FZcA4yCy5APCA2VZNc6PcNtjU_wcx_mLMehigZtVkynzoyG95XRaVUQQIJK_m8PVYEiwm26Lx3vX0x2LkUd6PBrx9X1gYSKehMuoT2EJ6090SUgCaN2B_Cq9HYXIjaAL8JU8e5W6GNbNCouzftRzNnpAxSPiqp1GaqSjgb6_p4dGkyI7c_tZCL-lq_GCvudoP4u_saBm0NXu3470HEqV7qpqwgsgTBc0FAAc8lvWsibn_f5ZzfU7u10V8CAAA,2024-03-18,2024-03-19,Stacked Lateral,657.8
22742449,08,ELROD-ANTELL UNIT B 11-02,8MH,"SURGE OPERATING, LLC(760725)",HOWARD,Submitted: 03/18/2024 Approved: 03/19/2024,898233,Horizontal,New Drill,N,8500,,APPROVED,https://webapps2.rrc.texas.gov/EWA/drillingPermitDetailAction.do?methodToCall=searchByUniversalDocNo&universalDocNo=497100301&rrcActionMan=H4sIAAAAAAAAAL1Qu27DMAz8mnQUJFlO24GDEbRz0gbNYGRQbEERIFsGJfcB6ONLuyiQOp0z6Xg8HY_MgnOQWXAB4g6xqZrkQv_SYFvzI8z8hznpYYiSUZsl86kjs-F9VVRKFSSQsJLPT4eKYDHBFp33rrdbg51LcTca_PpxZW0gkYLOpHNo92GjvSeiBDRpxH4fXo3G5kzUA_CrMHWcuxXayAaNunvTfjRzRsog5b2SSj1OVQknY10fDy5NZuT2pxZyUV_qF2PFzW4Qf3dfw6CtwYsd_z2IONZL3ZQVRJYgeC4IKOC5pHdNxPXvm5zzG_Bv0tpfAgAA,2024-03-18,2024-03-19,,657.8
25538023,02,KOSUB UNIT,11H,"DEVON ENERGY PRODUCTION CO, L.P.(216378)",KARNES,Submitted: 03/14/2024 Approved: 03/15/2024,898179,Horizontal,New Drill,N,14000,739550,APPROVED,https://webapps2.rrc.texas.gov/EWA/drillingPermitDetailAction.do?methodToCall=searchByUniversalDocNo&universalDocNo=497090029&rrcActionMan=H4sIAAAAAAAAAL1Qu27DMAz8mnQUJNkOsnAwinbuI2gGI4NiE4oA2TIouQ9AH1_aRYHU6ZxJx-PpeGRWUoLOSipQd0Rt3SYXhpeWukYeYeE_8GTGMWrBbZHw00Rhw_umqMuyYIGGjX58ONQMixl25Lx3g31C6l2KzxPS14-r6AKLSugxnUO3D_fGeyYqIEwTDfvwiobaM1M7kFdhmrh0a7JRjIZM_2b8hEtGzqCrqthJPQdiwxNaN8SDS7MZu_2plV7Vl_rVWHWzG8Tf3bcwGot0seO_B1HHZq2bs4LKGpTMBYMSZK743TJx_fsm5_wGRSlweV8CAAA,2024-03-14,2024-03-15,Stacked Lateral,487.44
25538024,02,KOSUB UNIT,12H,"DEVON ENERGY PRODUCTION CO, L.P.(216378)",KARNES,Submitted: 03/14/2024 Approved: 03/15/2024,898181,Horizontal,New Drill,N,14000,739323,APPROVED,https://webapps2.rrc.texas.gov/EWA/drillingPermitDetailAction.do?methodToCall=searchByUniversalDocNo&universalDocNo=497090030&rrcActionMan=H4sIAAAAAAAAAL1Qu27DMAz8mnQU9AyycDCKdu4jaAYjg2ILigDbMii5D0AfX9pFgdTpnEnH4-l4ZBGcgyyCCxB3iE3V5BCHlwbbmh9h4T_cyY5jkozaLLtPm5iP7xtVaa1IIGEjHx8OFUE1wxZD14XBPznsQ07Pk8OvH1fWRhJp6F0-x3Yf723XEWEAXZ5w2MdXZ7E5E7UDfhWmTku3Qp_YaNH2b7ab3JKRMkhj1I5LPVcGTs6HIR1Cns3I7U8t5Kq-1K_GipvdIP3uvoXReocXO_57EHGs17o5K4giQfCiCGjgxdC7JeL6903O-Q0sBkdJXwIAAA,2024-03-14,2024-03-15,Stacked Lateral,487.44
25538025,02,KOSUB UNIT,13H,"DEVON ENERGY PRODUCTION CO, L.P.(216378)",KARNES,Submitted: 03/14/2024 Approved: 03/15/2024,898186,Horizontal,New Drill,N,14000,739323,APPROVED,https://webapps2.rrc.texas.gov/EWA/drillingPermitDetailAction.do?methodToCall=searchByUniversalDocNo&universalDocNo=497090031&rrcActionMan=H4sIAAAAAAAAAL1Qu27DMAz8mnQU9LCCLByMop37CJrByKDYgiJAtgxK7gPQx5d2USB1OmfS8Xg6HlkE5yCL4ALEHWJbt9nH4aXFruFHWPgPezLjmCSjNsv20yTm4vtG1VWlSCBhIx8fDjVBNcMOfQh-cE8We5_T82Tx68eVdZFEFfQ2n2O3j_cmBCI0oM0TDvv4ag22Z6J2wK_CNGnp1ugSGw2a_s2EyS4ZKYPUWu241HOl4WSdH9LB59mM3P7UQq7qS_1qrLjZDdLv7lsYjbN4seO_BxHHZq2bs4IoEgQvikAFvGh6t0Rc_77JOb8Bj9IgQl8CAAA,2024-03-14,2024-03-15,Stacked Lateral,487.44
25538026,02,KOSUB UNIT,14H,"DEVON ENERGY PRODUCTION CO, L.P.(216378)",KARNES,Submitted: 03/14/2024 Approved: 03/15/2024,898187,Horizontal,New Drill,N,14000,810155,APPROVED,https://webapps2.rrc.texas.gov/EWA/drillingPermitDetailAction.do?methodToCall=searchByUniversalDocNo&universalDocNo=497090032&rrcActionMan=H4sIAAAAAAAAAL1QsW7DIBD9mnREgI2V5Qaraue2iZrBykBsRJCwsQ6cthIf37OrSqnTORPv3j3evbssOAeZBRcgHhDbuk0uDG8tdg0_wsJ_mJMexygZtVkynzoyGy6boi7LggQSNvL56VATLGbYofPeDfbFYO9SfJ0Mfv24si6QqITepHPo9uFRe0-EAjRpwmEfdkZjeyZqC_wmTBOXbo02slGj7t-1n8ySkTJIpYotl9VcKTgZ64Z4cGk2I7c_tZCr-lq_GivudoP4u3sFo7YGr3b89yDi2Kx1c1YQWYLguSBQAs-K3oqI2993Oec3aq-IX18CAAA,2024-03-14,2024-03-15,Stacked Lateral,487.44
29736421,02,BLACK HAND E,5H,VERDUN OIL & GAS LLC(884566),LIVE OAK,Submitted: 02/27/2024 Approved: 03/12/2024,897756,Horizontal,New Drill,N,12200,,APPROVED,https://webapps2.rrc.texas.gov/EWA/drillingPermitDetailAction.do?methodToCall=searchByUniversalDocNo&universalDocNo=496995243&rrcActionMan=H4sIAAAAAAAAAL1Qu27DMAz8mnQ09LLbDhyMoJ37CJrByKDYgiJAtgxK7gPQx5d2USB1OmfS8Xg6Hpk5YyAyZxz4DWJbt8mF4aXFrmEHWPgPc9TjGEVB7SKZTx0LG943slZKkkDARjw-7GuCcoYdOu_dYJ8M9i7F58ng149r0QUSKehNOoVuF7baeyJKQJMmHHbh1WhsT0TdAbsI08SlW6ONxahR92_aT2bJSBnE_a2slOBzVcLRWDfEvUuzGbn9qblY1ef61Vh-tRvE390rGLU1eLbjvwfhh2atm7MCzwI4y5KAApZLeisiLn9f5Zzf7rogxV8CAAA,2024-02-27,2024-03-12,Allocation,754.34
29736422,02,BLACK HAND F,6H,VERDUN OIL & GAS LLC(884566),LIVE OAK,Submitted: 02/27/2024 Approved: 03/12/2024,897757,Horizontal,New Drill,N,12200,,APPROVED,https://webapps2.rrc.texas.gov/EWA/drillingPermitDetailAction.do?methodToCall=searchByUniversalDocNo&universalDocNo=496995244&rrcActionMan=H4sIAAAAAAAAAL1Qu27DMAz8mnQ09IrbDhyMoJ2TNmgGI4NiC4oA2TIouQ9AH1_aRYHU6ZxJx-PpeGTmjIHInHHgd4hN1SQX-pcG25odYeY_zEkPQxQFtYtkPnUsbHhfyUopSQIBK_H8dKgIygm26Lx3vd0a7FyKu9Hg149r0QYSKehMOod2HzbaeyLWgCaN2O_Dq9HYnIl6AHYVpo5zt0Ibi0Gj7t60H82ckTKIx3tZKjFtQoYnY10fDy5NZuT2p-ZiUV_qF2P5zW4Qf3cvYdDW4MWO_x6EH-ulbsoKPAvgLEsCClhe01sScf37Juf8BgvHiNhfAgAA,2024-02-27,2024-03-12,Allocation,754.34
30136801,08,OAK 55-1-31-30 A,13H,ANADARKO E&P ONSHORE LLC(020528),LOVING,Submitted: 03/07/2024 Approved: 03/14/2024,898030,Horizontal,New Drill,N,12000,,APPROVED,https://webapps2.rrc.texas.gov/EWA/drillingPermitDetailAction.do?methodToCall=searchByUniversalDocNo&universalDocNo=497060494&rrcActionMan=H4sIAAAAAAAAAL1QwU7DMAz9mnGs4qStdvGhQnAGNrFDtUPWRlmktqmcdICUj8ctQhod553y_Pzy_OwEQqBMIADhgaipmuj88NZQW4sjLvyHOelxDDLjdhbNpw6Z9ZeNqvJcsUDiRj4_HSqGaoYtua5zg30x1LsYXidDXz-uWetZlGNv4tm3e_-ou46JAsnEiYa93xlNzZmpLYqbMHVYuhXZkI2adP-uu8ksGTmDEqDKrYC5KvBkrBvCwcXZjN3-1CBX9bV-NRbudoPwu3uJo7aGrnb89yBwrNe6OStCkggiKQY5ilTwWzJx-_su5_wGcZBIo18CAAA,2024-03-07,2024-03-14,Allocation,960.0
30136802,08,OAK 55-1-31-30 B,22H,ANADARKO E&P ONSHORE LLC(020528),LOVING,Submitted: 03/07/2024 Approved: 03/14/2024,898032,Horizontal,New Drill,N,12000,,APPROVED,https://webapps2.rrc.texas.gov/EWA/drillingPermitDetailAction.do?methodToCall=searchByUniversalDocNo&universalDocNo=497064573&rrcActionMan=H4sIAAAAAAAAAL1Qu27DMAz8mnQU9HCMLByMop37CJrByKDYhCNAtgxK7gPQx5d2USB1OmfS8Xg6HpmVlKCzkgrUHVFTNcmF4aWhtpZHWPgPPNlxjFpwWyT8tFF04X1jqqIwLNCw0Y8Ph4qhmWFLzns3dE9IvUvxeUL6-nEVbWBRAT2mc2j34d56z8QWCNNEwz68oqXmzNQO5FWYOi7dirooRku2f7N-wiUjZzBSmXIn503Y8ISdG-LBpdmM3f7USq_qS_1qrLrZDeLv7iWMtkO62PHfg6hjvdbNWUFlDUpmw6AAmbf8lkxc_77JOb8BlO3gvl8CAAA,2024-03-07,2024-03-14,Allocation,960.0
30136803,08,OAK 55-1-31-30 C,14H,ANADARKO E&P ONSHORE LLC(020528),LOVING,Submitted: 03/07/2024 Approved: 03/14/2024,898033,Horizontal,New Drill,N,12000,,APPROVED,https://webapps2.rrc.texas.gov/EWA/drillingPermitDetailAction.do?methodToCall=searchByUniversalDocNo&universalDocNo=497064574&rrcActionMan=H4sIAAAAAAAAAL1Qu27DMAz8mnQU9HCMLByMop37CJrByKDYhCNAtgxK7gPQx5d2USB1OmfS8Xg6HpmVlKCzkgrUHVFTNcmF4aWhtpZHWPgPPNlxjFpwWyT8tFF04X1jqqIwLNCw0Y8Ph4qhmWFLzns3dE9IvUvxeUL6-nEVbWBRAT2mc2j34d56z8QWCNNEwz68oqXmzNQO5FWYOi7dirooRku2f7N-wiUjZzBSmXIn50BseMLODfHg0mzGbn9qpVf1pX41Vt3sBvF39xJG2yFd7PjvQdSxXuvmrKCyBiWzYVCAzFt-Syauf9_knN83OYe1XwIAAA,2024-03-07,2024-03-14,Allocation,960.0
30136807,08,CONDOR,246H,APACHE CORPORATION(027200),LOVING,Submitted: 03/08/2024 Approved: 03/13/2024,898056,Horizontal,New Drill,N,16000,,APPROVED,https://webapps2.rrc.texas.gov/EWA/drillingPermitDetailAction.do?methodToCall=searchByUniversalDocNo&universalDocNo=497069687&rrcActionMan=H4sIAAAAAAAAAL1Qu27DMAz8mnQU9LDdLByMIp37CJrByKDYgiJAtgxK7gPQx5d2USB1OmfS8Xg6HpkF5yCz4ALEHWJbt8mF4aXFruFHWPgPc9LjGCWjNkvmU0dmw_tG1UWhSCBhIx93h5qgmmGHzns32CeDvUvxeTL49ePKukCiAnqTzqHbhwftPREloEkTDvvwajS2Z6K2wK_CNHHp1mgjGzXq_k37ySwZKYPiQlVbfj9XJZyMdUM8uDSbkdufWshVfalfjRU3u0H83b2CUVuDFzv-exBxbNa6OSuILEHwrAgUwHNJb0XE9e-bnPMbu2sYmF8CAAA,2024-03-08,2024-03-13,,537.38
30136814,08,SORACHI 29-0-13-12 A,11H,ANADARKO E&P ONSHORE LLC(020528),LOVING,Submitted: 03/13/2024 Approved: 03/15/2024,898162,Horizontal,New Drill,N,13000,,APPROVED,https://webapps2.rrc.texas.gov/EWA/drillingPermitDetailAction.do?methodToCall=searchByUniversalDocNo&universalDocNo=497084987&rrcActionMan=H4sIAAAAAAAAAL1QwU7DMAz9mnGM4iStdvGhQnAGNrFDtUPWRl2ktqmcdIDUj8ctQhod553y_Pzy_OwJpEQ1gQSEB6KqqJIP_VtFdSmPuPAf7mSHISrBbZHcp42iCZeNLozRLFC4Uc9Ph4KhnmFNvm1937w46nyKr6Ojrx9XUQcWGexcOod6Hx5t2zKRIbk0Ur8PO2epOjO1RXkTpoxLt6AmisGS7d5tO7olI2fQEnS-BTNXGZ5c4_t48Gk2Y7c_NahVfa1fjYW73SD-7p7jYBtHVzv-exA4lmvdnBVhUghy0gwMyinjN2fi9vddzvkN2INkyl8CAAA,2024-03-13,2024-03-15,Allocation,1327.88
30136816,08,SORACHI 29-0-13-12 B,12H,ANADARKO E&P ONSHORE LLC(020528),LOVING,Submitted: 03/13/2024 Approved: 03/15/2024,898164,Horizontal,New Drill,N,13000,,APPROVED,https://webapps2.rrc.texas.gov/EWA/drillingPermitDetailAction.do?methodToCall=searchByUniversalDocNo&universalDocNo=497084988&rrcActionMan=H4sIAAAAAAAAAL1QwU7DMAz9mnGs4qStdvGhQnAGNrFDtUPWRlmktqmcdICUj8ctQhod553y_Pzy_OwEQqBMIADhgaipmuj88NZQW4sjLvyHOelxDDLjdhbNpw6Z9ZeNqvJcsUDiRj4_HSqGaoYtua5zg30x1LsYXidDXz-uWetZlGNv4tm3e_-ou46JAsnEiYa93xlNzZmpLYqbMHVYuhXZkI2adP-uu8ksGTmDEqDKLZRzVeDJWDeEg4uzGbv9qUGu6mv9aizc7Qbhd_cSR20NXe3470HgWK91c1aEJBFEUgxyFKngt2Ti9vddzvkNniqr3F8CAAA,2024-03-13,2024-03-15,Allocation,1327.88
30136817,08,SORACHI 29-0-13-12 C,13H,ANADARKO E&P ONSHORE LLC(020528),LOVING,Submitted: 03/13/2024 Approved: 03/15/2024,898165,Horizontal,New Drill,N,13000,,APPROVED,https://webapps2.rrc.texas.gov/EWA/drillingPermitDetailAction.do?methodToCall=searchByUniversalDocNo&universalDocNo=497084990&rrcActionMan=H4sIAAAAAAAAAL1Qu27DMAz8mnQ0RMl2s3AwinTuI2gGI4NiC4oA2zIouQ9AH1_aRYHU6ZxJx-PpeGQCIVAmEIBwR9RUTXR-eGmorcURF_7DnPQ4BplxO4vmU4fM-veNqvJcsUDiRj7uDhVDNcOWXNe5wT4Z6l0Mz5Ohrx_XrPUsyrE38ezbvX_QXcdEgWTiRMPevxpNzZmpLYqrMHVYuhXZkI2adP-mu8ksGTmDEqDKLdzPVYEnY90QDi7OZuz2pwa5qi_1q7FwsxuE391LHLU1dLHjvweBY73WzVkRkkQQSTHIUaSC35KJ6983Oec3Pf7M118CAAA,2024-03-13,2024-03-15,Allocation,1327.88
30136818,08,SORACHI 29-0-13-12 D,14H,ANADARKO E&P ONSHORE LLC(020528),LOVING,Submitted: 03/13/2024 Approved: 03/15/2024,898166,Horizontal,New Drill,N,13000,,APPROVED,https://webapps2.rrc.texas.gov/EWA/drillingPermitDetailAction.do?methodToCall=searchByUniversalDocNo&universalDocNo=497084991&rrcActionMan=H4sIAAAAAAAAAL1Qu27DMAz8mnQURMk2vHAwinbuI2gGI4NiC4oA2zIouQ_AH1_aRYHU6ZxJx-PpeOQMUqKaQQLCHVFTNcmH4aWhtpZHXPkPezLjGJXgtkj200ThwvtOV1mmWaBwpx4fDhVDvcCWfNf5wT1Z6n2Kz5Olrx9X0QYWZdjbdA7tPtybrmMiR7JpomEfXq2h5sxUifIqTB3XbkUuitGQ6d9MN9k1I2fQEnRRQrlUOZ6s80M8-LSYsdufGtSmvtRvxsLNbhB_dy9wNM7SxY7_HgSO9Va3ZEWYFYKcNYMM5ZzzWzBx_fsm5_wGTHTFvF8CAAA,2024-03-13,2024-03-15,Allocation,1327.88
30136819,08,SORACHI 29-0-13-12 E,15H,ANADARKO E&P ONSHORE LLC(020528),LOVING,Submitted: 03/13/2024 Approved: 03/15/2024,898167,Horizontal,New Drill,N,13000,,APPROVED,https://webapps2.rrc.texas.gov/EWA/drillingPermitDetailAction.do?methodToCall=searchByUniversalDocNo&universalDocNo=497084992&rrcActionMan=H4sIAAAAAAAAAL1Qu27DMAz8mnQURMk20oGDUaRzH0EzGBkUW3AE2JZByX0A-vjSLgqkTudMOh5PxyMTSIkqgQSEO6K6rKPzw0tNTSWPuPAf9mTGMSjBbRHtpwmi9e8bXWaZZoHCjXrcHUqGeoYNua5zQ_tkqXcxPE-Wvn5cReNZlGFv49k3e_9guo6JHMnGiYa9f7WG6jNTW5RXYaqwdEtqgxgNmf7NdJNdMnIGLUEXW7ifqxxPtnVDOLg4m7HbnxrUqr7Ur8bCzW4QfncvcDStpYsd_z0IHKu1bs6KkBSCTJpBhjLl_BZMXP--yTm_Ae-gordfAgAA,2024-03-13,2024-03-15,Allocation,1327.88
30136820,08,SORACHI 29-0-13-12 F,16H,ANADARKO E&P ONSHORE LLC(020528),LOVING,Submitted: 03/13/2024 Approved: 03/15/2024,898168,Horizontal,New Drill,N,13000,,APPROVED,https://webapps2.rrc.texas.gov/EWA/drillingPermitDetailAction.do?methodToCall=searchByUniversalDocNo&universalDocNo=497084993&rrcActionMan=H4sIAAAAAAAAAL1Qu27DMAz8mnQU9LCNLByMop3bJmgGI4NiC4oA2TIoOW0BfXxpFwVSp3MmHY-n45FZcA4yCy5APCC2dZtcGN5a7Bp-hIX_MCc9jlEyarNkPnVkNlw2qi4KRQIJG_n8dKgJqhl26Lx3g30x2LsUXyeDXz-urAskKqA36Ry6fXjU3hNRApo04bAPO6OxPRO1BX4TpolLt0Yb2ahR9-_aT2bJSBkUF6raSj5XJZyMdUM8uDSbkdufWshVfa1fjRV3u0H83b2CUVuDVzv-exBxbNa6OSuILEHwrAgUwHNJb0XE7e-7nPMb3m-GN18CAAA,2024-03-13,2024-03-15,Allocation,1327.88
30136821,08,SORACHI 29-0-13-12 G,17H,ANADARKO E&P ONSHORE LLC(020528),LOVING,Submitted: 03/13/2024 Approved: 03/15/2024,898169,Horizontal,New Drill,N,13000,,APPROVED,https://webapps2.rrc.texas.gov/EWA/drillingPermitDetailAction.do?methodToCall=searchByUniversalDocNo&universalDocNo=497084994&rrcActionMan=H4sIAAAAAAAAAL1QwU7DMAz9mnGM4qStdvGhQnAGNrFDtUPWRl2ktKmcdIDUj8ctQhod553y_Pzy_OwJpEQ1gQSEB6K6rJML_VtNTSWPuPAf9mSGISrBbZHsp4miDZeNLrNMs0DhRj0_HUqGeoYNOe9d375Y6lyKr6Olrx9X0QQWZdjZdA7NPjwa75nIkWwaqd-HnTVUn5naorwJU8WlW1IbxWDIdO_Gj3bJyBm0BF1sFcxVjifbuj4eXJrN2O1PDWpVX-tXY-FuN4i_uxc4mNbS1Y7_HgSO1Vo3Z0WYFIKcNIMM5ZTzWzBx-_su5_wGfbvhPF8CAAA,2024-03-13,2024-03-15,Allocation,1327.88
30136822,08,SORACHI 29-0-13-12 H,18H,ANADARKO E&P ONSHORE LLC(020528),LOVING,Submitted: 03/13/2024 Approved: 03/15/2024,898170,Horizontal,New Drill,N,13000,,APPROVED,https://webapps2.rrc.texas.gov/EWA/drillingPermitDetailAction.do?methodToCall=searchByUniversalDocNo&universalDocNo=497084995&rrcActionMan=H4sIAAAAAAAAAL1Qu27DMAz8mnQU9HCMLByMop37CJrByKDYhCNAtgxK7gPQx5d2USB1OmfS8Xg6HpmVlKCzkgrUHVFTNcmF4aWhtpZHWPgPPNlxjFpwWyT8tFF04X1jqqIwLNCw0Y8Ph4qhmWFLzns3dE9IvUvxeUL6-nEVbWBRAT2mc2j34d56z8QWCNNEwz68oqXmzNQO5FWYOi7dirooRku2f7N-wiUjZzBSmXKn503Y8ISdG-LBpdmM3f7USq_qS_1qrLrZDeLv7iWMtkO62PHfg6hjvdbNWUFlDUpmw6AAmbf8lkxc_77JOb8BmMZJIV8CAAA,2024-03-13,2024-03-15,Allocation,1327.88
30136827,08,TREME 55-1-32 UNIT,13H,ANADARKO E&P ONSHORE LLC(020528),LOVING,Submitted: 03/20/2024 Approved: 03/25/2024,898285,Horizontal,New Drill,N,12000,,APPROVED,https://webapps2.rrc.texas.gov/EWA/drillingPermitDetailAction.do?methodToCall=searchByUniversalDocNo&universalDocNo=497107447&rrcActionMan=H4sIAAAAAAAAAL1Qu27DMAz8mnQU9LDdLByMIp37CJrByKDYgiJAtgxK7gPQx5d2USB1OmfS8Xg6HpkF5yCz4ALEHWJbt8mF4aXFruFHWPgPc9LjGCWjNkvmU0dmw_tG1UWhSCBhIx93h5qgmmGHzns32CeDvUvxeTL49ePKukCiAnqTzqHbhwftPREloEkTDvvwajS2Z6K2wK_CNHHp1mgjGzXq_k37ySwZKYPiQlVbeT9XJZyMdUM8uDSbkdufWshVfalfjRU3u0H83b2CUVuDFzv-exBxbNa6OSuILEHwrAgUwHNJb0XE9e-bnPMbt0CxB18CAAA,2024-03-20,2024-03-25,,640.0
30136828,08,TREME 55-1-32 UNIT,21H,ANADARKO E&P ONSHORE LLC(020528),LOVING,Submitted: 03/20/2024 Approved: 03/25/2024,898287,Horizontal,New Drill,N,12000,,APPROVED,https://webapps2.rrc.texas.gov/EWA/drillingPermitDetailAction.do?methodToCall=searchByUniversalDocNo&universalDocNo=497107408&rrcActionMan=H4sIAAAAAAAAAL1Qu27DMAz8mnQU9LANLxyMop37CJrByKDYgiJAtgxK7gPQx5d2USB1OmfS8Xg6HpkF5yCz4ALEHWLXdMmF8aXDvuVHWPkPc9LTFCWjNkvmU0dmw_tONUWhSCBhJx8fDg1BtcAenfdutE8GB5fi82zw68eV9YFEBQwmnUO_D_faeyJKQJNmHPfh1WjszkTVwK_CtHHtNmgjmzTq4U372awZKYPiQlW1rJeqhJOxbowHlxYzcvtTC7mpL_WbseJmN4i_u1cwaWvwYsd_DyKO7Va3ZAWRJQieFYECeC7prYi4_n2Tc34Dxsq4bF8CAAA,2024-03-20,2024-03-25,,640.0
30136829,08,TREME 55-1-32 UNIT,14H,ANADARKO E&P ONSHORE LLC(020528),LOVING,Submitted: 03/20/2024 Approved: 03/25/2024,898288,Horizontal,New Drill,N,12000,,APPROVED,https://webapps2.rrc.texas.gov/EWA/drillingPermitDetailAction.do?methodToCall=searchByUniversalDocNo&universalDocNo=497107410&rrcActionMan=H4sIAAAAAAAAAL1Qu27DMAz8mnQU9LCNdOBgFOncR9AMRgbFFhQBsmVQch-APr60iwKp0zmTjsfT8cgsOAeZBRcg7hDbuk0uDC8tdg0_wsJ_mJMexygZtVkynzoyG943qi4KRQIJG_m4O9QE1Qw7dN67wT4Z7F2Kz5PBrx9X1gUSFdCbdA7dPjxo74koAU2acNiHV6OxPRO1BX4VpolLt0Yb2ahR92_aT2bJSBkUF6rayvu5KuFkrBviwaXZjNz-1EKu6kv9aqy42Q3i7-4VjNoavNjx34OIY7PWzVlBZAmCZ0WgAJ5Leisirn_f5JzfZR7fZ18CAAA,2024-03-20,2024-03-25,,640.0
30136834,08,POWDER KEG F,406H,COG OPERATING LLC(166150),LOVING,Submitted: 03/26/2024 Approved: 03/28/2024,898388,Horizontal,New Drill,N,12800,,APPROVED,https://webapps2.rrc.texas.gov/EWA/drillingPermitDetailAction.do?methodToCall=searchByUniversalDocNo&universalDocNo=496995193&rrcActionMan=H4sIAAAAAAAAAL1Qu27DMAz8mnQU9LKRhYNRtHPbBM1gZFBswREgWwYlpy2gjy_tokDqdM6k4_F0PDILzkFmwQWIB8SmapILw1uDbc2PsPAf9mTGMUpGbZbsp4msC5eNqrRWJJCwkc9Ph4qgmmGLzns3dC8We5fi62Tx68eVtYFEGnqbzqHdh0fjPREFoE0TDvuwswabM1Fb4Ddh6rh0K-wiGw2a_t34yS4ZKYPiQpVbpeeqgJPt3BAPLs1m5PanFnJVX-tXY8XdbhB_dy9hNJ3Fqx3_PYg41mvdnBVEliB4VgQ08FzQWxJx-_su5_wG1KjNVV8CAAA,2024-03-26,2024-03-28,Allocation,1266.0
30136836,08,FLEA FLICKER A,1BS,ADMIRAL PERMIAN OPERATING LLC(100158),LOVING,Submitted: 03/28/2024 Approved: 04/03/2024,898464,Horizontal,New Drill,N,12500,,APPROVED,https://webapps2.rrc.texas.gov/EWA/drillingPermitDetailAction.do?methodToCall=searchByUniversalDocNo&universalDocNo=497144107&rrcActionMan=H4sIAAAAAAAAAL1Qu27DMAz8mnQU9LCNLByMop3bJmgGI4NiC4oA2TIoOW0BfXxpFwVSp3MmHY-n45FZcA4yCy5APCC2dZtcGN5a7Bp-hIX_MCc9jlEyarNkPnVkNlw2qi4KRQIJG_n8dKgJqhl26Lx3g30x2LsUXyeDXz-urAskKqA36Ry6fXjU3hNRApo04bAPO6OxPRO1BX4TpolLt0Yb2ahR9-_aT2bJSBkUF6raqmquSjgZ64Z4cGk2I7c_tZCr-lq_GivudoP4u3sFo7YGr3b89yDi2Kx1c1YQWYLgWREogOeS3oqI2993Oec3kgECQ18CAAA,2024-03-28,2024-04-03,Allocation,320.0
30136837,08,FLEA FLICKER B,1WA,ADMIRAL PERMIAN OPERATING LLC(100158),LOVING,Submitted: 03/28/2024 Approved: 04/03/2024,898465,Horizontal,New Drill,N,12500,,APPROVED,https://webapps2.rrc.texas.gov/EWA/drillingPermitDetailAction.do?methodToCall=searchByUniversalDocNo&universalDocNo=497144108&rrcActionMan=H4sIAAAAAAAAAL1Qu27DMAz8mnQU9LDdLByMIp37CJrByKDYgiJAtgxK7gPQx5d2USB1OmfS8Xg6HpkF5yCz4ALEHWJbt8mF4aXFruFHWPgPc9LjGCWjNkvmU0dmw_tG1UWhSCBhIx93h5qgmmGHzns32CeDvUvxeTL49ePKukCiAnqTzqHbhwftPREloEkTDvvwajS2Z6K2wK_CNHHp1mgjGzXq_k37ySwZKYPiQlVbdT9XJZyMdUM8uDSbkdufWshVfalfjRU3u0H83b2CUVuDFzv-exBxbNa6OSuILEHwrAgUwHNJb0XE9e-bnPMbMdVlSF8CAAA,2024-03-28,2024-04-03,Allocation,320.0
30136838,08,FLEA FLICKER C,1XY,ADMIRAL PERMIAN OPERATING LLC(100158),LOVING,Submitted: 03/28/2024 Approved: 04/03/2024,898466,Horizontal,New Drill,N,12500,,APPROVED,https://webapps2.rrc.texas.gov/EWA/drillingPermitDetailAction.do?methodToCall=searchByUniversalDocNo&universalDocNo=497144109&rrcActionMan=H4sIAAAAAAAAAL1Qu27DMAz8mnQU9LANLxyMop37CJrByKDYgiJAtgxK7gPQx5d2USB1OmfS8Xg6HpkF5yCz4ALEHWLXdMmF8aXDvuVHWPkPc9LTFCWjNkvmU0dmw_tONUWhSCBhJx8fDg1BtcAenfdutE8GB5fi82zw68eV9YFEBQwmnUO_D_faeyJKQJNmHPfh1WjszkTVwK_CtHHtNmgjmzTq4U372awZKYPiQlW1qpeqhJOxbowHlxYzcvtTC7mpL_WbseJmN4i_u1cwaWvwYsd_DyKO7Va3ZAWRJQieFYECeC7prYi4_n2Tc34DQF9sI18CAAA,2024-03-28,2024-04-03,Allocation,320.0
30136839,08,FLEA FLICKER D,2BS,ADMIRAL PERMIAN OPERATING LLC(100158),LOVING,Submitted: 03/28/2024 Approved: 04/03/2024,898467,Horizontal,New Drill,N,12500,,APPROVED,https://webapps2.rrc.texas.gov/EWA/drillingPermitDetailAction.do?methodToCall=searchByUniversalDocNo&universalDocNo=497144110&rrcActionMan=H4sIAAAAAAAAAL1Qu27DMAz8mnQU9LCNdOBgFOncR9AMRgbFFhQBsmVQch-APr60iwKp0zmTjsfT8cgsOAeZBRcg7hDbuk0uDC8tdg0_wsJ_mJMexygZtVkynzoyG943qi4KRQIJG_m4O9QE1Qw7dN67wT4Z7F2Kz5PBrx9X1gUSFdCbdA7dPjxo74koAU2acNiHV6OxPRO1BX4VpolLt0Yb2ahR92_aT2bJSBkUF6raqvu5KuFkrBviwaXZjNz-1EKu6kv9aqy42Q3i7-4VjNoavNjx34OIY7PWzVlBZAmCZ0WgAJ5Leisirn_f5Jzf44sLKF8CAAA,2024-03-28,2024-04-03,Allocation,320.0
30136840,08,FLEA FLICKER E,2WA,ADMIRAL PERMIAN OPERATING LLC(100158),LOVING,Submitted: 03/28/2024 Approved: 04/03/2024,898468,Horizontal,New Drill,N,12500,,APPROVED,https://webapps2.rrc.texas.gov/EWA/drillingPermitDetailAction.do?methodToCall=searchByUniversalDocNo&universalDocNo=497144111&rrcActionMan=H4sIAAAAAAAAAL1Qu27DMAz8mnQU9LKRhYNRtHPbBM1gZFBswREgWwYlpy2gjy_tokDqdM6k4_F0PDILzkFmwQWIB8SmapILw1uDbc2PsPAf9mTGMUpGbZbsp4msC5eNqrRWJJCwkc9Ph4qgmmGLzns3dC8We5fi62Tx68eVtYFEGnqbzqHdh0fjPREFoE0TDvuwswabM1Fb4Ddh6rh0K-wiGw2a_t34yS4ZKYPiQpVbzeeqgJPt3BAPLs1m5PanFnJVX-tXY8XdbhB_dy9hNJ3Fqx3_PYg41mvdnBVEliB4VgQ08FzQWxJx-_su5_wGixQMTF8CAAA,2024-03-28,2024-04-03,Allocation,320.0
30136843,08,LINK VJ RANCH WEST 30-31,712H,"EOG RESOURCES, INC.(253162)",LOVING,Submitted: 04/02/2024 Approved: 04/04/2024,898512,Horizontal,New Drill,N,14000,,APPROVED,https://webapps2.rrc.texas.gov/EWA/drillingPermitDetailAction.do?methodToCall=searchByUniversalDocNo&universalDocNo=497133859&rrcActionMan=H4sIAAAAAAAAAL1Qu27DMAz8mnQU9HCMLByMop37CJrByKDYhCNAtgxK7gPQx5d2USB1OmfS8Xg6HpmVlKCzkgrUHVFTNcmF4aWhtpZHWPgPPNlxjFpwWyT8tFF04X1jqqIwLNCw0Y8Ph4qhmWFLzns3dE9IvUvxeUL6-nEVbWBRAT2mc2j34d56z8QWCNNEwz68oqXmzNQO5FWYOi7dirooRku2f7N-wiUjZzBSmXK3BGLDE3ZuiAeXZjN2-1Mrvaov9aux6mY3iL-7lzDaDulix38Poo71WjdnBZU1KJkNgwJk3vJbMnH9-ybn_AZuaaRRXwIAAA,2024-04-02,2024-04-04,,652.29
30136844,08,LINK VJ RANCH WEST 30-31,734H,"EOG RESOURCES, INC.(253162)",LOVING,Submitted: 04/02/2024 Approved: 04/04/2024,898514,Horizontal,New Drill,N,14000,,APPROVED,https://webapps2.rrc.texas.gov/EWA/drillingPermitDetailAction.do?methodToCall=searchByUniversalDocNo&universalDocNo=497133860&rrcActionMan=H4sIAAAAAAAAAL1Qu27DMAz8mnQU9LKRhYNRtHPbBM1gZFBswREgWwYlpy2gjy_tokDqdM6k4_F0PDILzkFmwQWIB8SmapILw1uDbc2PsPAf9mTGMUpGbZbsp4msC5eNqrRWJJCwkc9Ph4qgmmGLzns3dC8We5fi62Tx68eVtYFEGnqbzqHdh0fjPREFoE0TDvuwswabM1Fb4Ddh6rh0K-wiGw2a_t34yS4ZKYPiQpVbreeqgJPt3BAPLs1m5PanFnJVX-tXY8XdbhB_dy9hNJ3Fqx3_PYg41mvdnBVEliB4VgQ08FzQWxJx-_su5_wGB0aTYV8CAAA,2024-04-02,2024-04-04,,652.29
30136845,08,LINK VJ RANCH WEST 30-31,713H,"EOG RESOURCES, INC.(253162)",LOVING,Submitted: 04/02/2024 Approved: 04/04/2024,898515,Horizontal,New Drill,N,14000,,APPROVED,https://webapps2.rrc.texas.gov/EWA/drillingPermitDetailAction.do?methodToCall=searchByUniversalDocNo&universalDocNo=497133881&rrcActionMan=H4sIAAAAAAAAAL1Qu27DMAz8mnQU9LKRhYNRtHPbBM1gZFBswREgWwYlpy2gjy_tokDqdM6k4_F0PDILzkFmwQWIB8SmapILw1uDbc2PsPAf9mTGMUpGbZbsp4msC5eNqrRWJJCwkc9Ph4qgmmGLzns3dC8We5fi62Tx68eVtYFEGnqbzqHdh0fjPREFoE0TDvuwswabM1Fb4Ddh6rh0K-wiGw2a_t34yS4ZKYPiQpVbXcxVASfbuSEeXJrNyO1PLeSqvtavxoq73SD-7l7CaDqLVzv-exBxrNe6OSuILEHwrAho4LmgtyTi9vddzvkNpJL0al8CAAA,2024-04-02,2024-04-04,,652.29
30136846,08,LINK VJ RANCH WEST 30-31,752H,"EOG RESOURCES, INC.(253162)",LOVING,Submitted: 04/02/2024 Approved: 04/04/2024,898516,Horizontal,New Drill,N,14000,,APPROVED,https://webapps2.rrc.texas.gov/EWA/drillingPermitDetailAction.do?methodToCall=searchByUniversalDocNo&universalDocNo=497133882&rrcActionMan=H4sIAAAAAAAAAL1Qu27DMAz8mnQU9LKRhYNRtHPbBM1gZFBswREgWwYlpy2gjy_tokDqdM6k4_F0PDILzkFmwQWIB8SmapILw1uDbc2PsPAf9mTGMUpGbZbsp4msC5eNqrRWJJCwkc9Ph4qgmmGLzns3dC8We5fi62Tx68eVtYFEGnqbzqHdh0fjPREFoE0TDvuwswabM1Fb4Ddh6rh0K-wiGw2a_t34yS4ZKYPiQpVbXc5VASfbuSEeXJrNyO1PLeSqvtavxoq73SD-7l7CaDqLVzv-exBxrNe6OSuILEHwrAho4LmgtyTi9vddzvkNQe9cd18CAAA,2024-04-02,2024-04-04,,652.29
31745965,08,PIER 22-23 UNIT 1,231,ENDEAVOR ENERGY RESOURCES L.P.(251726),MARTIN,Submitted: 02/29/2024 Approved: 04/03/2024,897808,Horizontal,New Drill,N,9821,,APPROVED,https://webapps2.rrc.texas.gov/EWA/drillingPermitDetailAction.do?methodToCall=searchByUniversalDocNo&universalDocNo=497038045&rrcActionMan=H4sIAAAAAAAAAL1Qu27DMAz8mnQU9LDcduBgBO3cR9AMRgbFFhQBtmVQch-APr60iwKp0zmTjsfT8cgsOAeZBRcgbhCbqkk-DC8NtjU_wMJ_2KMZxygZtVmynyYyF943qioKRQIJG_n4sK8Iqhm26LvOD-7JYu9TfJ4sfv24sjaQqIDeplNod2Fruo4IDWjThMMuvFqDzYmoO-AXYeq4dCt0kY0GTf9muskuGSmDEreFvi_1XGk4WueHuPdpNiO3P7WQq_pcvxorrnaD-Lt7CaNxFs92_Pcg4lCvdXNWEFmC4FkRKIBnTW9JxOXvq5zzGwVmCDRfAgAA,2024-02-29,2024-04-03,,998.06
31745966,08,PIER 22-23 UNIT 1,133,ENDEAVOR ENERGY RESOURCES L.P.(251726),MARTIN,Submitted: 02/29/2024 Approved: 04/03/2024,897810,Horizontal,New Drill,N,9821,897808,APPROVED,https://webapps2.rrc.texas.gov/EWA/drillingPermitDetailAction.do?methodToCall=searchByUniversalDocNo&universalDocNo=497038047&rrcActionMan=H4sIAAAAAAAAAL1Qu27DMAz8mnQ09LLbDhyMoJ37CJrByKDYgiJAtgxK7gPQx5d2USB1OmfS8Xg6Hpk5YyAyZxz4DWJbt8mF4aXFrmEHWPgPc9TjGEVB7SKZTx0LG943slZKkkDARjw-7GuCcoYdOu_dYJ8M9i7F58ng149r0QUSKehNOoVuF7baeyJKQJMmHHbh1WhsT0TdAbsI08SlW6ONxahR92_aT2bJSBkkv1XlfVXNVQlHY90Q9y7NZuT2p-ZiVZ_rV2P51W4Qf3evYNTW4NmO_x6EH5q1bs4KPAvgLEsCClgu6a2IuPx9lXN-A-AboClfAgAA,2024-02-29,2024-04-03,Stacked Lateral,998.06
31745967,08,PIER 22-23 UNIT 1,234,ENDEAVOR ENERGY RESOURCES L.P.(251726),MARTIN,Submitted: 02/29/2024 Approved: 04/03/2024,897811,Horizontal,New Drill,N,9821,897808,APPROVED,https://webapps2.rrc.texas.gov/EWA/drillingPermitDetailAction.do?methodToCall=searchByUniversalDocNo&universalDocNo=497038048&rrcActionMan=H4sIAAAAAAAAAL1Qu27DMAz8mnQU9LLTDhyMop37CJrByKDYgiJAtgxK7gPwx5d2USB1OmfS8Xg6HjkJzkFOggsQN4hN1WQf-5cG25ofYOE_7NEMQ5KM2izbT5OYi-8bVWmtSCBhIx8f9hVBNcMWfQi-d08WO5_T82jx68eVtZFEGjqbT7HdxXsTAhEFoM0j9rv4ag02J6JugV-EqdPSrdAlNhg03ZsJo10yUgYltrq4K7dzVcDROt-nvc-zGbn9qYVc1ef61VhxtRuk391LGIyzeLbjvwcRh3qtm7OCmCQIPikCGvhU0FsScfn7Kuf8BkPPxyJfAgAA,2024-02-29,2024-04-03,Stacked Lateral,998.06
31745968,08,PIER 22-23 UNIT 1,135,ENDEAVOR ENERGY RESOURCES L.P.(251726),MARTIN,Submitted: 02/29/2024 Approved: 04/03/2024,897812,Horizontal,New Drill,N,9821,897808,APPROVED,https://webapps2.rrc.texas.gov/EWA/drillingPermitDetailAction.do?methodToCall=searchByUniversalDocNo&universalDocNo=497038049&rrcActionMan=H4sIAAAAAAAAAL1Qu27DMAz8mnQU9LKbDhyMop37CJrByKDYgiJAtgxK7gPwx5d2USB1OmfS8Xg6HjkJzkFOggsQN4hN1WQf-5cG25ofYOE_7NEMQ5KM2izbT5OYi-8bVWmtSCBhIx8f9hVBNcMWfQi-d08WO5_T82jx68eVtZFEGjqbT7HdxXsTAhEFoM0j9rv4ag02J6K2wC_C1GnpVugSGwya7s2E0S4ZKYMSt7q4K7dzVcDROt-nvc-zGbn9qYVc1ef61VhxtRuk391LGIyzeLbjvwcRh3qtm7OCmCQIPikCGvhU0FsScfn7Kuf8BjJFzklfAgAA,2024-02-29,2024-04-03,Stacked Lateral,998.06
31745969,08,PIER 22-23 UNIT 1,136,ENDEAVOR ENERGY RESOURCES L.P.(251726),MARTIN,Submitted: 02/29/2024 Approved: 04/03/2024,897814,Horizontal,New Drill,N,9821,897808,APPROVED,https://webapps2.rrc.texas.gov/EWA/drillingPermitDetailAction.do?methodToCall=searchByUniversalDocNo&universalDocNo=497038050&rrcActionMan=H4sIAAAAAAAAAL1Qu27DMAz8mnQ09LLbDByMop37CJrByKDYgiJAtgxK7gPQx5d2USB1OmfS8Xg6Hpk5YyAyZxz4DWJbt8mF4aXFrmEHWPgPc9TjGEVB7SKZTx0LG943slZKkkDARjw-7GuCcoYdOu_dYJ8M9i7F58ng149r0QUSKehNOoVuF-6190SUgCZNOOzCq9HYnoi6A3YRpolLt0Ybi1Gj7t-0n8ySkTJIfqvKbbWdqxKOxroh7l2azcjtT83Fqj7Xr8byq90g_u5ewaitwbMd_z0IPzRr3ZwVeBbAWZYEFLBc0lsRcfn7Kuf8BpGRqUJfAgAA,2024-02-29,2024-04-03,Stacked Lateral,998.06
31745970,08,PIER 22-23 UNIT 1,137,ENDEAVOR ENERGY RESOURCES L.P.(251726),MARTIN,Submitted: 02/29/2024 Approved: 04/03/2024,897818,Horizontal,New Drill,N,9821,897808,APPROVED,https://webapps2.rrc.texas.gov/EWA/drillingPermitDetailAction.do?methodToCall=searchByUniversalDocNo&universalDocNo=497038051&rrcActionMan=H4sIAAAAAAAAAL1Qu27DMAz8mnQU9HLSDhyMop2bNGgGI4NiC4oA2TIouQ_AH1_aRYHU6ZxJx-PpeOQoOAc5Ci5A3CHWZZ197HY1NhU_wsx_2JPp-yQZtVm2nyYxF99XqtRakUDCSj4_HUqCaoIN-hB8514stj6n7WDx68eVNZFEGlqbz7HZx0cTAhEFoM0Ddvv4ag3WZ6LugV-FqdLcLdEl1hs07ZsJg50zUgYlNrp42PCpKuBkne_SwefJjNz-1EIu6kv9Yqy42Q3S7-5r6I2zeLHjvwcRx2qpm7KCGCUIPioCGvhY0Lsm4vr3Tc75Dax1JF1fAgAA,2024-02-29,2024-04-03,Stacked Lateral,998.06
31745973,08,PIER 22-23 UNIT 1,132,ENDEAVOR ENERGY RESOURCES L.P.(251726),MARTIN,Submitted: 02/29/2024 Approved: 04/03/2024,897809,Horizontal,New Drill,N,9821,897808,APPROVED,https://webapps2.rrc.texas.gov/EWA/drillingPermitDetailAction.do?methodToCall=searchByUniversalDocNo&universalDocNo=497038046&rrcActionMan=H4sIAAAAAAAAAL1Qu27DMAz8mnQU9HLSDhyMop2bNGgGI4NiC4oA2TIouQ_AH1_aRYHU6ZxJx-PpeOQoOAc5Ci5A3CHWZZ197HY1NhU_wsx_2JPp-yQZtVm2nyYxF99XqtRakUDCSj4_HUqCaoIN-hB8514stj6n7WDx68eVNZFEGlqbz7HZx0cTAhEFoM0Ddvv4ag3WZ6LugV-FqdLcLdEl1hs07ZsJg50zUgYlNrp42EyByPBkne_SwefJjNz-1EIu6kv9Yqy42Q3S7-5r6I2zeLHjvwcRx2qpm7KCGCUIPioCGvhY0Lsm4vr3Tc75DUkIjEBfAgAA,2024-02-29,2024-04-03,Stacked Lateral,998.06
31746007,08,RIPPLE UNIT 1,3761DH,XTO ENERGY INC.(945936),MARTIN,Submitted: 03/27/2024 Approved: 04/01/2024,898418,Horizontal,New Drill,N,10500,,APPROVED,https://webapps2.rrc.texas.gov/EWA/drillingPermitDetailAction.do?methodToCall=searchByUniversalDocNo&universalDocNo=497138946&rrcActionMan=H4sIAAAAAAAAAL1Qu27DMAz8mnQUJFl2unAwinTuI2gGI4NiC4oA2TIouQ9AH1_aRYHU6ZxJx-PpeGQWnIPMggsQd4ht3SYXhpcWu4YfYeE_zEmPY5SM2iyZTx2ZDe-bolaqIIGEjXzcHWqCxQw7dN67wT4Z7F2Kz5PBrx9X1gUSKehNOoduHx6090SUgCZNOOzDq9HYnom6B34VpolLt0Yb2ahR92_aT2bJSBkKsVUV59u5KuFkrBviwaXZjNz-1EKu6kv9aqy42Q3i7-4VjNoavNjx34OIY7PWzVlBZAmC54KAAp5Leisirn_f5JzfoezLlF8CAAA,2024-03-27,2024-04-01,,645.0
31746008,08,RIPPLE UNIT 1,3702BH,XTO ENERGY INC.(945936),MARTIN,Submitted: 03/27/2024 Approved: 04/01/2024,898420,Horizontal,New Drill,N,10500,,APPROVED,https://webapps2.rrc.texas.gov/EWA/drillingPermitDetailAction.do?methodToCall=searchByUniversalDocNo&universalDocNo=497138950&rrcActionMan=H4sIAAAAAAAAAL1Qu27DMAz8mnQU9LKbhYNRpHMfQTMYGRRbcATIlkHJfQD6-NIuCqRO50w6Hk_HI7PgHGQWXIC4Q2yqJrkwvDTY1vwIC_9hT2Yco2TUZsl-msi68L5RldaKBBI28nF3qAiqGbbovHdD92Sxdyk-Txa_flxZG0ikobfpHNp9eDDeE1EA2jThsA-v1mBzJmoL_CpMHZduhV1ko0HTvxk_2SUjZVDiXpecb-eqgJPt3BAPLs1m5PanFnJVX-pXY8XNbhB_dy9hNJ3Fix3_PYg41mvdnBVEliB4VgQ08FzQWxJx_fsm5_wG0GbC_18CAAA,2024-03-27,2024-04-01,,645.0
31746009,08,RIPPLE UNIT 1,3772JH,XTO ENERGY INC.(945936),MARTIN,Submitted: 03/27/2024 Approved: 04/01/2024,898422,Horizontal,New Drill,N,10500,,APPROVED,https://webapps2.rrc.texas.gov/EWA/drillingPermitDetailAction.do?methodToCall=searchByUniversalDocNo&universalDocNo=497136938&rrcActionMan=H4sIAAAAAAAAAL1Qu27DMAz8mnQ09LLbDhyMoJ37CJrByKDYgiJAtgxK7gPQx5d2USB1OmfS8Xg6Hpk5YyAyZxz4DWJbt8mF4aXFrmEHWPgPc9TjGEVB7SKZTx0LG943slZKkkDARjw-7GuCcoYdOu_dYJ8M9i7F58ng149r0QUSKehNOoVuF7baeyJKQJMmHHbh1WhsT0TdAbsI08SlW6ONxahR92_aT2bJSBkkv1UVY_dzVcLRWDfEvUuzGbn9qblY1ef61Vh-tRvE390rGLU1eLbjvwfhh2atm7MCzwI4y5KAApZLeisiLn9f5Zzfc7Kl9F8CAAA,2024-03-27,2024-04-01,,645.0
31746010,08,RIPPLE UNIT 1,3782NH,XTO ENERGY INC.(945936),MARTIN,Submitted: 03/27/2024 Approved: 04/01/2024,898429,Horizontal,New Drill,N,10500,,APPROVED,https://webapps2.rrc.texas.gov/EWA/drillingPermitDetailAction.do?methodToCall=searchByUniversalDocNo&universalDocNo=497136939&rrcActionMan=H4sIAAAAAAAAAL1Qu27DMAz8mnQU9LLbhYNRtHObBM1gZFBsQREgWwYl9wH440u7KJA6nTOJPJ6Ox5sE5yAnwQWIO8SmarKP_bbBtuZHWPAPezLDkCSjMcv20yTm4vtGVVorIkjYyOenQ0WlmssWfQi-dy8WO5_T62jx60eVtZFIGjqbz7Hdx0cTAgEFoM0j9vu4swabM0EPwK_M1GmZVugSGwya7s2E0S4eyYMS97rkgs9dASfrfJ8OPs9ipPanF3LVX_JXa8XNMki_t5cwGGfx4sZ_AxHHes2bvYKYJFAMigoNfCroLQm4_n2TOL8BTlYo618CAAA,2024-03-27,2024-04-01,,645.0
31746011,08,RIPPLE UNIT 1,3762DH,XTO ENERGY INC.(945936),MARTIN,Submitted: 03/27/2024 Approved: 04/01/2024,898432,Horizontal,New Drill,N,10500,,APPROVED,https://webapps2.rrc.texas.gov/EWA/drillingPermitDetailAction.do?methodToCall=searchByUniversalDocNo&universalDocNo=497138988&rrcActionMan=H4sIAAAAAAAAAL1Qu27DMAz8mnQURPnRLhyMop3bJGgGI4NiC4oA2zIouQ9AH1_aRYHU6ZxJx-PpeGQCKVElkIBwR9RUTXR-2DbU1vKIC_9hTnocgxLcFtF86iCsf99kVZ5nLFC4Uc9Ph4phNsOWXNe5wb4Y6l0Mr5Ohrx9X0XoW5dibePbt3j_qrmOiQDJxomHvd0ZTc2bqAeVVmDos3YpsEKMm3b_pbjJLRs6QwX1eSoC5KvBkrBvCwcXZjN3-1KBW9aV-NRZudoPwu3uJo7aGLnb89yBwrNe6OStCUggyZQxylKngt2Ti-vdNzvkN7YJP4F8CAAA,2024-03-27,2024-04-01,,645.0
31746012,08,RIPPLE UNIT 1,3773JH,XTO ENERGY INC.(945936),MARTIN,Submitted: 03/27/2024 Approved: 04/01/2024,898434,Horizontal,New Drill,N,10500,,APPROVED,https://webapps2.rrc.texas.gov/EWA/drillingPermitDetailAction.do?methodToCall=searchByUniversalDocNo&universalDocNo=497138989&rrcActionMan=H4sIAAAAAAAAAL1Qu27DMAz8mnQURElxu3AwinbuI2gGI4NiC44A2zIouQ9AH1_aRYHU6ZxJx-PpeGQGKVFlkIBwQ1SXdfJheKmpqeQBF_7DHe04RiW4LZL7tFG04X2jS2M0CxRu1OPDvmSoZ9iQ7zo_tE-Oep_i8-To68dVNIFFBnuXTqHZhXvbdUxskVyaaNiFV2epPjF1h_IiTBWXbkltFKMl27_ZbnJLRs6g4dYUEuZN2PDoWj_EvU-zGbv9qUGt6nP9aixc7Qbxd_cCR9s6Otvx34PAoVrr5qwIWSHIrBkYlHnLb8HE5e-rnPMbCP_n_V8CAAA,2024-03-27,2024-04-01,,645.0
32946802,08,MCALISTER 33C,3H,"PIONEER NATURAL RES. USA, INC.(665748)",MIDLAND,Submitted: 02/05/2024 Approved: 03/08/2024,897068,Horizontal,New Drill,N,8640,,APPROVED,https://webapps2.rrc.texas.gov/EWA/drillingPermitDetailAction.do?methodToCall=searchByUniversalDocNo&universalDocNo=496923742&rrcActionMan=H4sIAAAAAAAAAL1Qu27DMAz8mnQU9IqRDhyMIp2bNGgGI4NiC44A2TIouQ9AH1_aRYHU6ZxJx-PpeGQWnIPMggsQD4h1WScX-n2NTcVPMPMf9myGIUpGbZbsp4msDe8rVWqtSCBhJZ-3x5KgmmCDznvXty8WO5fibrT49ePKmkAiDZ1Nl9AcwpPxnog1oE0j9ofwag3WF6I2wG_CVHHulthGNhg03Zvxo50zUgYlH3Wx4dMmZHi2revj0aXJjNz-1EIu6mv9Yqy42w3i7-4FDKa1eLXjvwcRp2qpm7KCyBIEz4qABp7X9BZE3P6-yzm_AS2ILbJfAgAA,2024-02-05,2024-03-08,Allocation,562.0
32946803,08,MCALISTER 33F,6H,"PIONEER NATURAL RES. USA, INC.(665748)",MIDLAND,Submitted: 02/05/2024 Approved: 03/08/2024,897069,Horizontal,New Drill,N,8640,,APPROVED,https://webapps2.rrc.texas.gov/EWA/drillingPermitDetailAction.do?methodToCall=searchByUniversalDocNo&universalDocNo=496923744&rrcActionMan=H4sIAAAAAAAAAL1Qu27DMAz8mnQU9IqRDhyMIp2bNGgGI4NiC44A2TIouQ9AH1_aRYHU6ZxJx-PpeGQWnIPMggsQD4h1WScX-n2NTcVPMPMf9myGIUpGbZbsp4msDe8rVWqtSCBhJZ-3x5KgmmCDznvXty8WO5fibrT49ePKmkAiDZ1Nl9AcwpPxnog1oE0j9ofwag3WF6I2wG_CVHHulthGNhg03Zvxo50zUgYlH3Wx4VMgMjzb1vXx6NJkRm5_aiEX9bV-MVbc7Qbxd_cCBtNavNrx34OIU7XUTVlBZAmCZ0VAA89regsibn_f5ZzfjlxKuV8CAAA,2024-02-05,2024-03-08,Allocation,562.0
32946804,08,MCALISTER 33O,15H,"PIONEER NATURAL RES. USA, INC.(665748)",MIDLAND,Submitted: 02/05/2024 Approved: 03/08/2024,897070,Horizontal,New Drill,N,8640,,APPROVED,https://webapps2.rrc.texas.gov/EWA/drillingPermitDetailAction.do?methodToCall=searchByUniversalDocNo&universalDocNo=496923746&rrcActionMan=H4sIAAAAAAAAAL1Qu27DMAz8mnQUJFk20oGDUaRzH0EzGBkUW1AEyJZByX0A-vjSLgqkTudMOh5PxyOz4BxkFlyAuENs6za5MLy02DX8CAv_YU56HKNk1GbJfOrIbHjfFLVSBQkkbOTj7lATLGbYofPeDfbJYO9SfJ4Mfv24si6QSEFv0jl0-_CgvSeiBDRpwmEfXo3G9kzUFvhVmCYu3RptZKNG3b9pP5klI2Uo5L2qtlzNVQknY90QDy7NZuT2pxZyVV_qV2PFzW4Qf3evYNTW4MWO_x5EHJu1bs4KIksQPBcEFPBc0lsRcf37Juf8BudzfYlfAgAA,2024-02-05,2024-03-08,Allocation,562.0
32946808,08,WTH 10-3 J,134,ENDEAVOR ENERGY RESOURCES L.P.(251726),MIDLAND,Submitted: 02/06/2024 Approved: 03/08/2024,897117,Horizontal,New Drill,N,8100,,APPROVED,https://webapps2.rrc.texas.gov/EWA/drillingPermitDetailAction.do?methodToCall=searchByUniversalDocNo&universalDocNo=496951202&rrcActionMan=H4sIAAAAAAAAAL1QTW-DMAz9Nd0RJSEgdvABTd157ar1gHpIwUojAUFO2IfEj59hmtTRnXvK8_PL87MnKQSoSQoJ8oGoLuvofL-vqanECRb-A89mGIJKuJ1E_DQhsf59k5ZapyxQsFHP22PJMJ1hQ65tXW9fkDoXw25E-vpxTRrPIg0dxotvDv7JtC0TGRDGkfqDf0VD9YWpAsRNmCos3ZJsSAZDpnsz7YhLRs6QqkedF6KYqwzOaF0fji7OZuz2p5ZqVV_rV2Pl3W4QfnfPYTAW6WrHfw8iT9VaN2cFOSmQYkoZaBBTxm_OxO3vu5zzG3OE3P9fAgAA,2024-02-06,2024-03-08,Allocation,1322.08
32946809,08,WTH 10-3 D1,144,ENDEAVOR ENERGY RESOURCES L.P.(251726),MIDLAND,Submitted: 02/06/2024 Approved: 03/08/2024,897118,Horizontal,New Drill,N,8100,,APPROVED,https://webapps2.rrc.texas.gov/EWA/drillingPermitDetailAction.do?methodToCall=searchByUniversalDocNo&universalDocNo=496951203&rrcActionMan=H4sIAAAAAAAAAL1Qu27DMAz8mnQU9LKRDByMop37CJrByKDYgiNAtgxK7gPQx5d2USB1OmfS8Xg6HpkF5yCz4ALEHWJTNcmF4aXBtuZHWPgPezLjGCWjNkv200TWhfeNqrRWJJCwkY8Ph4qgmmGLzns3dE8We5fi82Tx68eVtYFEGnqbzqHdh3vjPREFoE0TDvvwag02Z6K2wK_C1HHpVthFNho0_Zvxk10yUgYld7rc8t1cFXCynRviwaXZjNz-1EKu6kv9aqy42Q3i7-4ljKazeLHjvwcRx3qtm7OCyBIEz4qABp4Leksirn_f5Jzf0FC79F8CAAA,2024-02-06,2024-03-08,Allocation,1322.08
32946834,08,WTH 10-3 B,121,ENDEAVOR ENERGY RESOURCES L.P.(251726),MIDLAND,Submitted: 02/07/2024 Approved: 03/19/2024,897183,Horizontal,New Drill,N,11000,843749,APPROVED,https://webapps2.rrc.texas.gov/EWA/drillingPermitDetailAction.do?methodToCall=searchByUniversalDocNo&universalDocNo=496957328&rrcActionMan=H4sIAAAAAAAAAL1Qu27DMAz8mnQU9LKRDhyMIp37CJrByKDYgiJAtgxK7gPwx5d2USB1OmfS8Xg6HjkJzkFOggsQd4hN1WQf-5cG25ofYeE_7MkMQ5KM2izbT5OYi-8bVWmtSCBhIx93h4qgmmGLPgTfuyeLnc_pebT49ePK2kgiDZ3N59ju44MJgYgC0OYR-318tQabM1Fb4Fdh6rR0K3SJDQZN92bCaJeMlEHJe11ulZ6rAk7W-T4dfJ7NyO1PLeSqvtSvxoqb3SD97l7CYJzFix3_PYg41mvdnBXEJEHwSRHQwKeC3pKI6983Oec3bc0AWV8CAAA,2024-02-07,2024-03-19,"Allocation, Stacked Lateral",829.2
32946835,08,WTH 10-3 D,141,ENDEAVOR ENERGY RESOURCES L.P.(251726),MIDLAND,Submitted: 02/07/2024 Approved: 03/19/2024,897185,Horizontal,New Drill,N,11000,841243,APPROVED,https://webapps2.rrc.texas.gov/EWA/drillingPermitDetailAction.do?methodToCall=searchByUniversalDocNo&universalDocNo=496957331&rrcActionMan=H4sIAAAAAAAAAL1Qu27DMAz8mnQU9LKRDhyMIp37CJrByKDYgiJAtgxK7gPwx5d2USB1OmfS8Xg6HjkJzkFOggsQd4hN1WQf-5cG25ofYeE_7MkMQ5KM2izbT5OYi-8bVWmtSCBhIx93h4qgmmGLPgTfuyeLnc_pebT49ePK2kgiDZ3N59ju44MJgYgC0OYR-318tQabM1Fb4Fdh6rR0K3SJDQZN92bCaJeMlEHJe11uVTFXBZys8306-DybkdufWshVfalfjRU3u0H63b2EwTiLFzv-exBxrNe6OSuISYLgkyKggU8FvSUR179vcs5vzhlnUl8CAAA,2024-02-07,2024-03-19,"Allocation, Stacked Lateral",829.18
32946836,08,WTH 10-3 B,224,ENDEAVOR ENERGY RESOURCES L.P.(251726),MIDLAND,Submitted: 02/07/2024 Approved: 03/19/2024,897184,Horizontal,New Drill,N,11000,843749,APPROVED,https://webapps2.rrc.texas.gov/EWA/drillingPermitDetailAction.do?methodToCall=searchByUniversalDocNo&universalDocNo=496957329&rrcActionMan=H4sIAAAAAAAAAL1Qu27DMAz8mnQU9LKRDhyMIp37CJrByKDYgiJAtgxK7gPwx5d2USB1OmfS8Xg6HjkJzkFOggsQd4hN1WQf-5cG25ofYeE_7MkMQ5KM2izbT5OYi-8bVWmtSCBhIx93h4qgmmGLPgTfuyeLnc_pebT49ePK2kgiDZ3N59ju44MJgYgC0OYR-318tQabM1Fb4Fdh6rR0K3SJDQZN92bCaJeMlEHJe11uVTlXBZys8306-DybkdufWshVfalfjRU3u0H63b2EwTiLFzv-exBxrNe6OSuISYLgkyKggU8FvSUR179vcs5vK2TPT18CAAA,2024-02-07,2024-03-19,"Allocation, Stacked Lateral",829.2
32946863,08,KING 18-35 E,354,ENDEAVOR ENERGY RESOURCES L.P.(251726),MIDLAND,Submitted: 02/29/2024 Approved: 03/19/2024,897831,Horizontal,New Drill,N,13000,,APPROVED,https://webapps2.rrc.texas.gov/EWA/drillingPermitDetailAction.do?methodToCall=searchByUniversalDocNo&universalDocNo=496962473&rrcActionMan=H4sIAAAAAAAAAL1Qu27DMAz8mnQUJFkx0oGDUaRzkwbNYGRQbEERIFsGJfcB6ONLuyiQOp0z6Xg8HY_MgnOQWXAB4gGxqZrkQr9vsK35CWb-w5z1METJqM2S-dSR2fC-KiqlChJIWMnn7bEiWEywRee96-2Lwc6luBsNfv24sjaQSEFn0iW0h_CkvSdiDWjSiP0hvBqNzYWoDfCbMHWcuxXayAaNunvTfjRzRspQyEdVbsopEBmejXV9PLo0mZHbn1rIRX2tX4wVd7tB_N29hEFbg1c7_nsQcaqXuikriCxB8FwQUMDzmt6SiNvfdznnN9snwMJfAgAA,2024-02-29,2024-03-19,Allocation,544.88
32946884,08,WTH 10-3 E1,154,ENDEAVOR ENERGY RESOURCES L.P.(251726),MIDLAND,Submitted: 03/13/2024 Approved: 03/15/2024,898152,Horizontal,New Drill,N,8100,,APPROVED,https://webapps2.rrc.texas.gov/EWA/drillingPermitDetailAction.do?methodToCall=searchByUniversalDocNo&universalDocNo=497084972&rrcActionMan=H4sIAAAAAAAAAL1Qu27DMAz8mnQ09LLhDhyMIp2bNGgGI4NiC4oA2zIouQ9AH1_aRYHU6ZxJx-PpeGTijIFInHHgD4hN1UTnh32Dbc1OsPAf5qzHMYiM2lk0nzpk1r9vZKWUJIGAjXjeHiuCcoYtuq5zg30x2LsYdpPBrx_XrPUkUtCbePHtwT_priMiBzRxwuHgX43G5kJUCewmTB2WboU2ZKNG3b_pbjJLRsogxaMqylLNVQ5nY90Qji7OZuT2p-ZiVV_rV2P53W4QfncvYNTW4NWO_x6En-q1bs4KPAngLEkCCljK6S2IuP19l3N-AxTVSppfAgAA,2024-03-13,2024-03-15,Allocation,1322.08
32946893,08,WTH 10-3 H1,184,ENDEAVOR ENERGY RESOURCES L.P.(251726),MIDLAND,Submitted: 03/22/2024 Approved: 03/25/2024,898306,Horizontal,New Drill,N,8100,,APPROVED,https://webapps2.rrc.texas.gov/EWA/drillingPermitDetailAction.do?methodToCall=searchByUniversalDocNo&universalDocNo=497119589&rrcActionMan=H4sIAAAAAAAAAL1Qu27DMAz8mnQU9IqRDByMop3bJGgGI4NiC44A2TIouQ9AH1_aRYHU6ZxJx-PpeGQWnIPMggsQD4h1WScX-l2NTcVPMPMf9myGIUpGbZbsp4msDe8rVWqtSCBhJZ-fjiVBNcEGnfeub18sdi7F19Hi148rawKJNHQ2XUJzCI_GeyLWgDaN2B_C3hqsL0RtgN-EqeLcLbGNbDBoujfjRztnpAxKbnWx2U6ByPBsW9fHo0uTGbn9qYVc1Nf6xVhxtxvE390LGExr8WrHfw8iTtVSN2UFkSUInhUBDTyv6S2IuP19l3N-A_tvqeVfAgAA,2024-03-22,2024-03-25,Allocation,1322.08
38941050,08,REV CON T8-50-7 A,0031WA,CHEVRON U. S. A. INC.(148113),REEVES,Submitted: 01/26/2024 Approved: 03/11/2024,896866,Horizontal,New Drill,N,10800,,APPROVED,https://webapps2.rrc.texas.gov/EWA/drillingPermitDetailAction.do?methodToCall=searchByUniversalDocNo&universalDocNo=496913450&rrcActionMan=H4sIAAAAAAAAAL1Qu27DMAz8mnQUJFkO0oGDUaRzkwbNYGRQbEERIFsGJfcB6ONLuyiQOp0z6Xg8HY_MgnOQWXAB4gGxqZrkQr9vsK35CWb-w5z1METJqM2S-dSR2fC-KiqlChJIWMnn7bEiWEywRee96-2Lwc6luBsNfv24sjaQSEFn0iW0h_CkvSeiBDRpxP4QXo3G5kLUBvhNmDrO3QptZING3b1pP5o5I2UoNo-KrPhUlXA21vXx6NJkRm5_aiEX9bV-MVbc7Qbxd_c1DNoavNrx34OIU73UTVlBZAmC54KAAp5LetdE3P6-yzm_AZ72-XNfAgAA,2024-01-26,2024-03-11,Allocation,750.83
38941061,08,REV CON STATE T8-50-17 E,0041WA,CHEVRON U. S. A. INC.(148113),REEVES,Submitted: 02/05/2024 Approved: 03/11/2024,897104,Horizontal,New Drill,N,10800,,APPROVED,https://webapps2.rrc.texas.gov/EWA/drillingPermitDetailAction.do?methodToCall=searchByUniversalDocNo&universalDocNo=496941043&rrcActionMan=H4sIAAAAAAAAAL1Qu27DMAz8mnQURPmBdOBgFOncR9AMRgbFFhQBtmVQch-APr60iwKp0zmTjsfT8cgEUqJKIAHhjqipmuj88NJQW8sjLvyHOelxDEpwW0TzqYOw_n2TVXmesUDhRj3uDhXDbIYtua5zg30y1LsYnidDXz-uovUsyrE38ezbvX_QXcdEgWTiRMPevxpNzZmpLcqrMHVYuhXZIEZNun_T3WSWjJwh297nIEuYqwJPxrohHFyczdjtTw1qVV_qV2PhZjcIv7uXOGpr6GLHfw8Cx3qtm7MiJIUgU8YgR5kKfksmrn_f5Jzft5zjqF8CAAA,2024-02-05,2024-03-11,Allocation,1794.88
38941062,08,REV CON STATE T8-50-17 F,0042WA,CHEVRON U. S. A. INC.(148113),REEVES,Submitted: 02/05/2024 Approved: 03/11/2024,897105,Horizontal,New Drill,N,11800,,APPROVED,https://webapps2.rrc.texas.gov/EWA/drillingPermitDetailAction.do?methodToCall=searchByUniversalDocNo&universalDocNo=496941044&rrcActionMan=H4sIAAAAAAAAAL1Qu27DMAz8mnQU9IqRDhyMIp2bNGgGI4NiC44A2TIouQ9AH1_aRYHU6ZxJx-PpeGQWnIPMggsQD4h1WScX-n2NTcVPMPMf9myGIUpGbZbsp4msDe8rVWqtSCBhJZ-3x5KgmmCDznvXty8WO5fibrT49ePKmkAiDZ1Nl9AcwpPxnog1oE0j9ofwag3WF6I2wG_CVHHulthGNhg03Zvxo50zUga1edSCF9MmZHi2revj0aXJjNz-1EIu6mv9Yqy42w3i7-4FDKa1eLXjvwcRp2qpm7KCyBIEz4qABp7X9BZE3P6-yzm_AVLhS7VfAgAA,2024-02-05,2024-03-11,Allocation,1794.88
38941063,08,REV CON STATE T8-50-17 G,0043WA,CHEVRON U. S. A. INC.(148113),REEVES,Submitted: 02/05/2024 Approved: 03/11/2024,897106,Horizontal,New Drill,N,10800,,APPROVED,https://webapps2.rrc.texas.gov/EWA/drillingPermitDetailAction.do?methodToCall=searchByUniversalDocNo&universalDocNo=496941047&rrcActionMan=H4sIAAAAAAAAAL1Qu27DMAz8mnQU9IqRDhyMIp2bNGgGI4NiC44A2TIouQ9AH1_aRYHU6ZxJx-PpeGQWnIPMggsQD4h1WScX-n2NTcVPMPMf9myGIUpGbZbsp4msDe8rVWqtSCBhJZ-3x5KgmmCDznvXty8WO5fibrT49ePKmkAiDZ1Nl9AcwpPxnog1oE0j9ofwag3WF6I2wG_CVHHulthGNhg03Zvxo50zUga1edSCF1MgMjzb1vXx6NJkRm5_aiEX9bV-MVbc7Qbxd_cCBtNavNrx34OIU7XUTVlBZAmCZ0VAA89regsibn_f5Zzf8TUsvl8CAAA,2024-02-05,2024-03-11,Allocation,1794.88
38941065,08,REV CON STATE T8-50-17 I,0045WA,CHEVRON U. S. A. INC.(148113),REEVES,Submitted: 02/05/2024 Approved: 03/12/2024,897108,Horizontal,New Drill,N,10800,,APPROVED,https://webapps2.rrc.texas.gov/EWA/drillingPermitDetailAction.do?methodToCall=searchByUniversalDocNo&universalDocNo=496947177&rrcActionMan=H4sIAAAAAAAAAL1Qu27DMAz8mnQUJFk20oGDUaRzH0EzGBkUW1AEyJZByX0A-vjSLgqkTudMOh5PxyOz4BxkFlyAuENs6za5MLy02DX8CAv_YU56HKNk1GbJfOrIbHjfFLVSBQkkbOTj7lATLGbYofPeDfbJYO9SfJ4Mfv24si6QSEFv0jl0-_CgvSeiBDRpwmEfXo3G9kzUFvhVmCYu3RptZKNG3b9pP5klI2UotvdK8KqcqxJOxrohHlyazcjtTy3kqr7Ur8aKm90g_u5ewaitwYsd_z2IODZr3ZwVRJYgeC4IKOC5pLci4vr3Tc75DTvOfIVfAgAA,2024-02-05,2024-03-12,Allocation,646.39
38941102,08,STATE POGO STICK 57-T1-45X4 A,W101H,BPX OPERATING COMPANY(085408),REEVES,Submitted: 02/27/2024 Approved: 03/11/2024,897734,Horizontal,New Drill,N,9901,,APPROVED,https://webapps2.rrc.texas.gov/EWA/drillingPermitDetailAction.do?methodToCall=searchByUniversalDocNo&universalDocNo=497012604&rrcActionMan=H4sIAAAAAAAAAL1Qu27DMAz8mnQUJFkO0oGDUaRzkwbNYGRQbEERIFsGJfcB6ONLuyiQOp0z6Xg8HY_MgnOQWXAB4gGxqZrkQr9vsK35CWb-w5z1METJqM2S-dSR2fC-KiqlChJIWMnn7bEiWEywRee96-2Lwc6luBsNfv24sjaQSEFn0iW0h_CkvSeiBDRpxP4QXo3G5kLUBvhNmDrO3QptZING3b1pP5o5I2UoNo9KUJipKuFsrOvj0aXJjNz-1EIu6mv9Yqy42w3i7-5rGLQ1eLXjvwcRp3qpm7KCyBIEzwUBBTyX9K6JuP19l3N-A4doVcpfAgAA,2024-02-27,2024-03-11,PSA,645.86
38941103,08,STATE POGO STICK 57-T1-45X4 B,W102H,BPX OPERATING COMPANY(085408),REEVES,Submitted: 02/27/2024 Approved: 03/11/2024,897735,Horizontal,New Drill,N,9901,,APPROVED,https://webapps2.rrc.texas.gov/EWA/drillingPermitDetailAction.do?methodToCall=searchByUniversalDocNo&universalDocNo=497012605&rrcActionMan=H4sIAAAAAAAAAL1Qu27DMAz8mnQUJFkO0oGDUaRzkwbNYGRQbEERIFsGJfcB6ONLuyiQOp0z6Xg8HY_MgnOQWXAB4gGxqZrkQr9vsK35CWb-w5z1METJqM2S-dSR2fC-KiqlChJIWMnn7bEiWEywRee96-2Lwc6luBsNfv24sjaQSEFn0iW0h_CkvSeiBDRpxP4QXo3G5kLUBvhNmDrO3QptZING3b1pP5o5I2UoNo9KUIKpKuFsrOvj0aXJjNz-1EIu6mv9Yqy42w3i7-5rGLQ1eLXjvwcRp3qpm7KCyBIEzwUBBTyX9K6JuP19l3N-AyS8MsFfAgAA,2024-02-27,2024-03-11,PSA,645.86
38941104,08,STATE POGO STICK 57-T1-45X4 BA,W201H,BPX OPERATING COMPANY(085408),REEVES,Submitted: 02/27/2024 Approved: 03/11/2024,897736,Horizontal,New Drill,N,9901,,APPROVED,https://webapps2.rrc.texas.gov/EWA/drillingPermitDetailAction.do?methodToCall=searchByUniversalDocNo&universalDocNo=497012606&rrcActionMan=H4sIAAAAAAAAAL1Qu27DMAz8mnQUJFkO0oGDUaRzkwbNYGRQbEERIFsGJfcB6ONLuyiQOp0z6Xg8HY_MgnOQWXAB4gGxqZrkQr9vsK35CWb-w5z1METJqM2S-dSR2fC-KiqlChJIWMnn7bEiWEywRee96-2Lwc6luBsNfv24sjaQSEFn0iW0h_CkvSeiBDRpxP4QXo3G5kLUBvhNmDrO3QptZING3b1pP5o5I2UoNo9KkPlUlXA21vXx6NJkRm5_aiEX9bV-MVbc7Qbxd_c1DNoavNrx34OIU73UTVlBZAmC54KAAp5LetdE3P6-yzm_AU2TBfFfAgAA,2024-02-27,2024-03-11,PSA,645.86
38941105,08,STATE POGO STICK 57-T1-45X4 BB,W202H,BPX OPERATING COMPANY(085408),REEVES,Submitted: 02/27/2024 Approved: 03/11/2024,897737,Horizontal,New Drill,N,9901,,APPROVED,https://webapps2.rrc.texas.gov/EWA/drillingPermitDetailAction.do?methodToCall=searchByUniversalDocNo&universalDocNo=497012607&rrcActionMan=H4sIAAAAAAAAAL1Qu27DMAz8mnQUJFkO0oGDUaRzkwbNYGRQbEERIFsGJfcB6ONLuyiQOp0z6Xg8HY_MgnOQWXAB4gGxqZrkQr9vsK35CWb-w5z1METJqM2S-dSR2fC-KiqlChJIWMnn7bEiWEywRee96-2Lwc6luBsNfv24sjaQSEFn0iW0h_CkvSeiBDRpxP4QXo3G5kLUBvhNmDrO3QptZING3b1pP5o5I2UoNo9KkNdUlXA21vXx6NJkRm5_aiEX9bV-MVbc7Qbxd_c1DNoavNrx34OIU73UTVlBZAmC54KAAp5LetdE3P6-yzm_Ae5HYvpfAgAA,2024-02-27,2024-03-11,PSA,645.86
38941106,08,STATE POGO STICK 57-T1-45X4 YA,X101H,BPX OPERATING COMPANY(085408),REEVES,Submitted: 02/27/2024 Approved: 03/11/2024,897738,Horizontal,New Drill,N,9901,,APPROVED,https://webapps2.rrc.texas.gov/EWA/drillingPermitDetailAction.do?methodToCall=searchByUniversalDocNo&universalDocNo=497012608&rrcActionMan=H4sIAAAAAAAAAL1Qu27DMAz8mnQURPmBdOBgFOncR9AMRgbFFhQBtmVQch-APr60iwKp0zmTjsfT8cgEUqJKIAHhjqipmuj88NJQW8sjLvyHOelxDEpwW0TzqYOw_n2TVXmesUDhRj3uDhXDbIYtua5zg30y1LsYnidDXz-uovUsyrE38ezbvX_QXcdEgWTiRMPevxpNzZmpLcqrMHVYuhXZIEZNun_T3WSWjJwh297nALKcqwJPxrohHFyczdjtTw1qVV_qV2PhZjcIv7uXOGpr6GLHfw8Cx3qtm7MiJIUgU8YgR5kKfksmrn_f5JzfCzrK518CAAA,2024-02-27,2024-03-11,PSA,645.86
38941107,08,STATE POGO STICK 57-T1-45X4 YB,X102H,BPX OPERATING COMPANY(085408),REEVES,Submitted: 02/27/2024 Approved: 03/11/2024,897739,Horizontal,New Drill,N,9901,,APPROVED,https://webapps2.rrc.texas.gov/EWA/drillingPermitDetailAction.do?methodToCall=searchByUniversalDocNo&universalDocNo=497012609&rrcActionMan=H4sIAAAAAAAAAL1Qu27DMAz8mnQURMlO04GDUbRzkwbNYGRQbEERYFsGJfcB-ONLuyiQOp0z6Xg8HY8cQUpUI0hAuCOqiir50O0qqkt5xJn_sCfT91EJbotkP00ULryvdJFlmgUKV-r56VAw1BOsyTeN79yLpdanuB0sff24ijqwKMPWpnOo9-HRNA0TOZJNA3X78GoNVWemNiivwpRx7hbkougNmfbNNIOdM3IGvXnIAOT9VOV4ss538eDTZMZuf2pQi_pSvxgLN7tB_N19jb1xli52_PcgcCyXuikrwqgQ5KgZZCjHnN81E9e_b3LOb6jurexfAgAA,2024-02-27,2024-03-11,PSA,645.86
38941143,08,MARLIN 11S,63H,"VTX ENERGY OPERATING, LLC(101377)",REEVES,Submitted: 03/13/2024 Approved: 03/18/2024,898156,Horizontal,New Drill,N,13000,,APPROVED,https://webapps2.rrc.texas.gov/EWA/drillingPermitDetailAction.do?methodToCall=searchByUniversalDocNo&universalDocNo=497065623&rrcActionMan=H4sIAAAAAAAAAL1Qu27DMAz8mnQURFkJ0oGDUaRzH0EzGBkUW1AEyJZByX0A_vjSLgqkTudMOh5PxyNHkBLVCBIQ7ojqss4-di81NZU84sx_2JPp-6QEt0W2nyYJF99XRal1wQKFK_W4O5QMiwk25EPwnXuy1PqcngdLXz-uooks0tjafI7NPj6YEJhYI9k8ULePr9ZQfWZqi_IqTJXmbkkuid6Qad9MGOyckTMU23sNMAdiw5N1vksHnyczdvtTg1rUl_rFWLjZDdLv7hvsjbN0seO_B4FjtdRNWRFGhSDHgoFGOa753TBx_fsm5_wGfewRJV8CAAA,2024-03-13,2024-03-18,,1280.26
38941144,08,MARLIN 11S,61H,"VTX ENERGY OPERATING, LLC(101377)",REEVES,Submitted: 03/13/2024 Approved: 03/18/2024,898158,Horizontal,New Drill,N,13000,,APPROVED,https://webapps2.rrc.texas.gov/EWA/drillingPermitDetailAction.do?methodToCall=searchByUniversalDocNo&universalDocNo=497056352&rrcActionMan=H4sIAAAAAAAAAL1Qu27DMAz8mnQ0RFkO0oGDUaRzkwbNYGRQbEERIFsGJfcB-ONLuyiQOp0z6Xg8HY8cQQiUIwhAeCCqyzq50O1raipxwpn_MGfd91Fm3M6S-dQxs-F9lZdK5SyQuJLP22PJMJ9gQ85719kXQ61LcTcY-vpxzZrAIoWtSZfQHMKT9p6JAsmkgbpDeDWa6gtTGxQ3Yao4d0uyMes16fZN-8HMGTlDvnlUAEpNVYFnY10Xjy5NZuz2pwa5qK_1i7FwtxvE393X2Gtr6GrHfw8Cp2qpm7IijBJBjDkDhWIs-F0zcfv7Luf8BhTDJhVfAgAA,2024-03-13,2024-03-18,,1280.26
38941145,08,MARLIN 11S,62H,"VTX ENERGY OPERATING, LLC(101377)",REEVES,Submitted: 03/13/2024 Approved: 03/18/2024,898159,Horizontal,New Drill,N,13000,,APPROVED,https://webapps2.rrc.texas.gov/EWA/drillingPermitDetailAction.do?methodToCall=searchByUniversalDocNo&universalDocNo=497060492&rrcActionMan=H4sIAAAAAAAAAL1Qu27DMAz8mnQURFkO0oGDUaRzkwbNYGRQbMERYFsGJfcB6ONLuyiQOp0z6Xg8HY9MICWqBBIQHoiqoorO9_uK6lKecOY_7NkMQ1CC2yLaTxNE499XWaF1xgKFK_W8PRYMswnW5NrW9c2Lpc7FsBstff24itqzSGNn48XXB_9k2paJHMnGkfqDf7WGqgtTG5Q3YcowdwtqghgMme7NtKOdM3KGbPOoAXQ-VTmebeP6cHRxMmO3PzWoRX2tX4yFu90g_O6-xsE0lq52_PcgcCqXuikrQlIIMmUMNMqU87tm4vb3Xc75DbcXQR5fAgAA,2024-03-13,2024-03-18,,1280.26
38941146,08,MARLIN 11S,21H,"VTX ENERGY OPERATING, LLC(101377)",REEVES,Submitted: 03/13/2024 Approved: 03/18/2024,898160,Horizontal,New Drill,N,13000,,APPROVED,https://webapps2.rrc.texas.gov/EWA/drillingPermitDetailAction.do?methodToCall=searchByUniversalDocNo&universalDocNo=497060495&rrcActionMan=H4sIAAAAAAAAAL1Qu27DMAz8mnQURFk20oGDUaRzH0EzGBkUW3AE2JZByX0A-vjSLgqkTudMOh5PxyMTSIkqgQSEO6K6rKPzw0tNTSWPuPAf9mTGMSjBbRHtpwmi9e-brNQ6Y4HCjXrcHUqG2Qwbcl3nhvbJUu9ieJ4sff24isazSGNv49k3e_9guo6JHMnGiYa9f7WG6jNTW5RXYaqwdEtqgxgNmf7NdJNdMnKGbHuvAXQxVzmebOuGcHBxNmO3PzWoVX2pX42Fm90g_O5e4GhaSxc7_nsQOFZr3ZwVISkEmTIGGmXK-S2YuP59k3N-A1Jq6QNfAgAA,2024-03-13,2024-03-18,,1280.26
38941147,08,MARLIN 11S,11H,"VTX ENERGY OPERATING, LLC(101377)",REEVES,Submitted: 03/13/2024 Approved: 03/19/2024,898161,Horizontal,New Drill,N,13000,,APPROVED,https://webapps2.rrc.texas.gov/EWA/drillingPermitDetailAction.do?methodToCall=searchByUniversalDocNo&universalDocNo=497065621&rrcActionMan=H4sIAAAAAAAAAL1Qu27DMAz8mnQURElO04GDUbRzkwbNYGRQbMERYFsGJfcB-ONLuyiQOp0z6Xg8HY8cQUpUI0hAuCMq8zL50O1Kqgp5xJn_cCfb91EJbovkPm0UdXhf6dwYzQKFK_X8dMgZ6glW5JvGd_WLo9anuB0cff24iiqwyGDr0jlU-_Bom4aJDMmlgbp9eHWWyjNTG5RXYYo4d3Oqo-gt2fbNNoObM3IGvXkwAOZ-qjI8udp38eDTZMZuf2pQi_pSvxgLN7tB_N19jb2tHV3s-O9B4FgsdVNWhFEhyFEzMCjHjN81E9e_b3LOb_G-jghfAgAA,2024-03-13,2024-03-19,,1280.26
38941148,08,MARLIN 11S,22H,"VTX ENERGY OPERATING, LLC(101377)",REEVES,Submitted: 03/13/2024 Approved: 03/18/2024,898163,Horizontal,New Drill,N,13000,,APPROVED,https://webapps2.rrc.texas.gov/EWA/drillingPermitDetailAction.do?methodToCall=searchByUniversalDocNo&universalDocNo=497065622&rrcActionMan=H4sIAAAAAAAAAL1Qu27DMAz8mnQURFkO3IGDUaRzH0EzGBkUW3AE2JZByX0A-vjSLgqkTudMOh5PxyMTSIkqgQSEO6K6rKPzw0tNTSWPuPAf9mTGMSjBbRHtpwmi9e-brNQ6Y4HCjXrcHUqG2Qwbcl3nhvbJUu9ieJ4sff24isazSGNv49k3e_9guo6JHMnGiYa9f7WG6jNTBcqrMFVYuiW1QYyGTP9muskuGTlDVtxrAF3MVY4n27ohHFyczdjtTw1qVV_qV2PhZjcIv7tvcTStpYsd_z0IHKu1bs6KkBSCTBkDjTLl_G6ZuP59k3N-A4A0h2NfAgAA,2024-03-13,2024-03-18,,1280.26
38941149,08,POUTINE UNIT 57-330W,17H,CALLON PETROLEUM OPERATING CO(124828),REEVES,Submitted: 03/19/2024 Approved: 03/20/2024,898235,Horizontal,New Drill,N,12500,,APPROVED,https://webapps2.rrc.texas.gov/EWA/drillingPermitDetailAction.do?methodToCall=searchByUniversalDocNo&universalDocNo=497096191&rrcActionMan=H4sIAAAAAAAAAL1Qu27DMAz8mnQ0RFkOkoGDUbRzmwTNYGRQbEERIFsGJfcB-ONLuyiQOp0z6Xg8HY8cQQiUIwhAeCCqyzq50O1qaipxwpn_MGfd91Fm3M6S-dQxs-F9lZdK5SyQuJLPT8eSYT7Bhpz3rrMvhlqX4utg6OvHNWsCixS2Jl1CcwiP2nsmCiSTBuoOYW801RemNihuwlRx7pZkY9Zr0u2b9oOZM3KGfLNVAGo7VQWejXVdPLo0mbHbnxrkor7WL8bC3W4Qf3dfY6-toasd_z0InKqlbsqKMEoEMeYMFIqx4HfNxO3vu5zzGyPg4GhfAgAA,2024-03-19,2024-03-20,,640.0
38941150,08,POUTINE UNIT 57-330W,10UA,CALLON PETROLEUM OPERATING CO(124828),REEVES,Submitted: 03/19/2024 Approved: 03/20/2024,898236,Horizontal,New Drill,N,12500,,APPROVED,https://webapps2.rrc.texas.gov/EWA/drillingPermitDetailAction.do?methodToCall=searchByUniversalDocNo&universalDocNo=497096192&rrcActionMan=H4sIAAAAAAAAAL1Qu27DMAz8mnQURFkO0oGDUaRzkwbNYGRQbEERYFsGJfcB-ONLuyiQOp0z6Xg8HY8cQUpUI0hAeCCqiir50O0rqkt5wpn_sGfT91EJbotkP00ULryvskLrjAUKV-p5eywYZhOsyTeN79yLpdanuBssff24ijqwSGNr0yXUh_BkmoaJHMmmgbpDeLWGqgtTG5Q3Yco4dwtyUfSGTPtmmsHOGTlDtnnUALmcqhzP1vkuHn2azNjtTw1qUV_rF2PhbjeIv7uvsTfO0tWO_x4ETuVSN2VFGBWCHDMGGuWY87tm4vb3Xc75DR4EbXdfAgAA,2024-03-19,2024-03-20,,640.0
38941151,08,POUTINE UNIT 57-330E,3LA,CALLON PETROLEUM OPERATING CO(124828),REEVES,Submitted: 03/19/2024 Approved: 03/20/2024,898237,Horizontal,New Drill,N,12500,,APPROVED,https://webapps2.rrc.texas.gov/EWA/drillingPermitDetailAction.do?methodToCall=searchByUniversalDocNo&universalDocNo=497096193&rrcActionMan=H4sIAAAAAAAAAL1Qu27DMAz8mnQURFkO0oGDUaRzkwbNYGRQbEERYFsGJfcB-ONLuyiQOp0z6Xg8HY8cQUpUI0hAeCCqiir50O0rqkt5wpn_sGfT91EJbotkP00ULryvskLrjAUKV-p5eywYZhOsyTeN79yLpdanuBssff24ijqwSGNr0yXUh_BkmoaJHMmmgbpDeLWGqgtTG5Q3Yco4dwtyUfSGTPtmmsHOGTlDtnnUADlMVY5n63wXjz5NZuz2pwa1qK_1i7FwtxvE393X2Btn6WrHfw8Cp3Kpm7IijApBjhkDjXLM-V0zcfv7Luf8Br3QCnxfAgAA,2024-03-19,2024-03-20,,640.0
38941152,08,POUTINE UNIT 57-330E,11UA,CALLON PETROLEUM OPERATING CO(124828),REEVES,Submitted: 03/19/2024 Approved: 03/20/2024,898238,Horizontal,New Drill,N,12500,,APPROVED,https://webapps2.rrc.texas.gov/EWA/drillingPermitDetailAction.do?methodToCall=searchByUniversalDocNo&universalDocNo=497096195&rrcActionMan=H4sIAAAAAAAAAL1Qu27DMAz8mnQ0RNkO0oGDUaRzkwbNYGRQbEERIFsGJfcB6ONLuyiQOp0z6Xg8HY9MIATKBAIQHoiaqonW9_uG2lqccOY_9FkNQ5AZt7OoP1XIjH9f5VVR5CyQuJLP22PFMJ9gS9Y525sXTZ2NYTdq-vpxzVrPogI7HS--Pfgn5RwTJZKOI_UH_6oVNRemNihuwtRh7lZkQjYoUt2bcqOeM3KGfPNYAJTTJmx41sb24WjjZMZuf2qQi_pavxgLd7tB-N19jYMymq52_PcgcKqXuikrQpIIIuUMChSp5HfNxO3vu5zzG1itomFfAgAA,2024-03-19,2024-03-20,,640.0
46142698,7C,HERBERT 102A,1HL,OVINTIV USA INC.(628658),UPTON,Submitted: 02/08/2024 Approved: 03/18/2024,896586,Horizontal,New Drill,Y,10300,,APPROVED,https://webapps2.rrc.texas.gov/EWA/drillingPermitDetailAction.do?methodToCall=searchByUniversalDocNo&universalDocNo=496962434&rrcActionMan=H4sIAAAAAAAAAL1Ru27DMAz8mnQUJFk20oGDUaRzH0EzGBkUW1AEyJZByX0A-vjSLgqkTudsvOPpeKSy4BxkFlyAuENs6za5MLy02DX8CAv_YU56HKNk1GbJfOrIbHjfFLVSBQkkbOTj7lBTWcxlh857N9gng71L8Xky-PXjyrpAIgW9SefQ7cOD9p6IEtCkCYd9eDUa2zNRW-BXYZq4dGu0kY0adf-m_WSWjJRBVULJ6n47oxJOxrohHlyazcjtDxZyhS_1q7HiZjeIv7tXMGpr8GLHfw8ijs1aN2cFkSUIngv6VAU8l0RURFy_vsk5vwE099gSXwIAAA,2024-02-08,2024-03-18,Allocation,1050.01
46142699,7C,HERBERT 102A,2HD,OVINTIV USA INC.(628658),UPTON,Submitted: 02/08/2024 Approved: 03/18/2024,896588,Horizontal,New Drill,Y,10300,896586,APPROVED,https://webapps2.rrc.texas.gov/EWA/drillingPermitDetailAction.do?methodToCall=searchByUniversalDocNo&universalDocNo=496962436&rrcActionMan=H4sIAAAAAAAAAL1Ru27DMAz8mnQUJFk2moGDUaRzH0EzGBkUW1AEyJZByX0A-vjSLgqkTudsvOPpeKSy4BxkFlyAuENs6za5MLy02DX8CAv_YU56HKNk1GbJfOrIbHjfFLVSBQkkbOTj7lBTWcxlh857N9gng71L8Xky-PXjyrpAIgW9SefQ7cOD9p6IEtCkCYd9eDUa2zNR98CvwjRx6dZoIxs16v5N-8ksGSmDqoSS1XY7oxJOxrohHlyazcjtDxZyhS_1q7HiZjeIv7tXMGpr8GLHfw8ijs1aN2cFkSUIngv6VAU8l0RURFy_vsk5vwGXI78ZXwIAAA,2024-02-08,2024-03-18,"Allocation, Stacked Lateral",1050.01
46142701,7C,HERBERT 102C,4HL,OVINTIV USA INC.(628658),UPTON,Submitted: 02/08/2024 Approved: 03/18/2024,896616,Horizontal,New Drill,Y,10300,,APPROVED,https://webapps2.rrc.texas.gov/EWA/drillingPermitDetailAction.do?methodToCall=searchByUniversalDocNo&universalDocNo=496962438&rrcActionMan=H4sIAAAAAAAAAL1Ru27DMAz8mnQURFl2u3AwinZuk6AZjAyKLTgCbMug5D4AfXxpFwVSp3M23vF0PFIJpESVQALCHVFd1tH5YVtTU8kjLvyHPZlxDEpwW0T7aYJo_fsmK7XOWKBwo56fDiWX2Vw25LrODe2Lpd7F8DpZ-vpxFY1nkcbexrNv9v7RdB0TOZKNEw17v7OG6jNTDyivwlRh6ZbUBjEaMv2b6Sa7ZOQMugCt7iXMKMeTbd0QDi7OZuz2B4Na4Uv9aizc7Abhd_cCR9Nautjx34PAsVrr5qwISSHIlPGnapQpZ6Jg4vr1Tc75DXpH9hpfAgAA,2024-02-08,2024-03-18,Allocation,1050.01
46142738,7C,VERA 2,03MS,SUMMIT PETROLEUM LLC(829221),UPTON,Submitted: 03/06/2024 Approved: 03/19/2024,897981,Horizontal,New Drill,N,8400,,APPROVED,https://webapps2.rrc.texas.gov/EWA/drillingPermitDetailAction.do?methodToCall=searchByUniversalDocNo&universalDocNo=497060487&rrcActionMan=H4sIAAAAAAAAAL1Qu27DMAz8mnQU9LKbhYNRpHMfQTMYGRRbcATIlkHJfQD6-NIuCqRO50w6Hk_HI7PgHGQWXIC4Q2yqJrkwvDTY1vwIC_9hT2Yco2TUZsl-msi68L5RldaKBBI28nF3qAiqGbbovHdD92Sxdyk-Txa_flxZG0ikobfpHNp9eDDeE1EA2jThsA-v1mBzJmoL_CpMHZduhV1ko0HTvxk_2SUjZdCl0PJebeeqgJPt3BAPLs1m5PanFnJVX-pXY8XNbhB_dy9hNJ3Fix3_PYg41mvdnBVEliB4VgQ08FzQWxJx_fsm5_wGaReMvF8CAAA,2024-03-06,2024-03-19,Allocation,967.3
46142739,7C,VERA 3,05JM,SUMMIT PETROLEUM LLC(829221),UPTON,Submitted: 03/06/2024 Approved: 03/20/2024,897983,Horizontal,New Drill,N,8700,,APPROVED,https://webapps2.rrc.texas.gov/EWA/drillingPermitDetailAction.do?methodToCall=searchByUniversalDocNo&universalDocNo=497060488&rrcActionMan=H4sIAAAAAAAAAL1Qu27DMAz8mnQ09LLbDhyMoJ37CJrByKDYgiJAtgxK7gPQx5d2USB1OmfS8Xg6Hpk5YyAyZxz4DWJbt8mF4aXFrmEHWPgPc9TjGEVB7SKZTx0LG943slZKkkDARjw-7GuCcoYdOu_dYJ8M9i7F58ng149r0QUSKehNOoVuF7baeyJKQJMmHHbh1WhsT0TdAbsI08SlW6ONxahR92_aT2bJSBlUxZW4lfdzVcLRWDfEvUuzGbn9qblY1ef61Vh-tRvE390rGLU1eLbjvwfhh2atm7MCzwI4y5KAApZLeisiLn9f5ZzfysPrt18CAAA,2024-03-06,2024-03-20,Allocation,967.3
46142740,7C,VERA 4,07LS,SUMMIT PETROLEUM LLC(829221),UPTON,Submitted: 03/06/2024 Approved: 03/20/2024,897989,Horizontal,New Drill,N,8700,,APPROVED,https://webapps2.rrc.texas.gov/EWA/drillingPermitDetailAction.do?methodToCall=searchByUniversalDocNo&universalDocNo=497060489&rrcActionMan=H4sIAAAAAAAAAL1Qu27DMAz8mnQUJFl2u3AwinZuk6AZjAyKLSgCZMug5D4AfXxpFwVSp3MmHY-n45FZcA4yCy5A3CG2dZtcGLYtdg0_wsJ_mJMexygZtVkynzoyG943Ra1UQQIJG_n8dKgJFjPs0HnvBvtisHcpvk4Gv35cWRdIpKA36Ry6fXjU3hNRApo04bAPO6OxPRP1APwqTBOXbo02slGj7t-0n8ySkTKoSih5r_hclXAy1g3x4NJsRm5_aiFX9aV-NVbc7Abxd_cKRm0NXuz470HEsVnr5qwgsgTBc0FAAc8lvRUR179vcs5volzs018CAAA,2024-03-06,2024-03-20,,967.3
46142741,7C,VERA 5,09MS,SUMMIT PETROLEUM LLC(829221),UPTON,Submitted: 03/06/2024 Approved: 03/20/2024,897994,Horizontal,New Drill,N,8400,,APPROVED,https://webapps2.rrc.texas.gov/EWA/drillingPermitDetailAction.do?methodToCall=searchByUniversalDocNo&universalDocNo=497060490&rrcActionMan=H4sIAAAAAAAAAL1Qu27DMAz8mnQURFl2u3AwinZuk6AZjAyKLTgCbMug5D4AfXxpFwVSp3MmHY-n45EJpESVQALCHVFd1tH5YVtTU8kjLvyHPZlxDEpwW0T7aYJo_fsmK7XOWKBwo56fDiXDbIYNua5zQ_tiqXcxvE6Wvn5cReNZpLG38eybvX80XcdEjmTjRMPe76yh-szUA8qrMFVYuiW1QYyGTP9muskuGTmDLkCrew1zlePJtm4IBxdnM3b7U4Na1Zf61Vi42Q3C7-4Fjqa1dLHjvweBY7XWzVkRkkKQKWOgUaac34KJ6983Oec3AYiL2F8CAAA,2024-03-06,2024-03-20,Allocation,967.3
46142742,7C,VERA 6,11LS,SUMMIT PETROLEUM LLC(829221),UPTON,Submitted: 03/06/2024 Approved: 03/20/2024,897996,Horizontal,New Drill,N,8700,,APPROVED,https://webapps2.rrc.texas.gov/EWA/drillingPermitDetailAction.do?methodToCall=searchByUniversalDocNo&universalDocNo=497060491&rrcActionMan=H4sIAAAAAAAAAL1Qu27DMAz8mnQURFlxu3AwinbuI2gGI4NiC4oA2TIouQ_AH1_aRYHU6ZxJx-PpeOQEUqKaQALCDVFTNdnH_qWhtpYHXPgPezTDkJTgtsj20yTh4vumqLQuWKBwox4f9hXDYoYt-RB8754sdT6n59HS14-raCOLNHY2n2K7i_cmBCa2SDaP1O_iqzXUnJi6Q3kRpk5LtyKXxGDIdG8mjHbJyBl0CVrd6nkTNjxa5_u093k2Y7c_NahVfa5fjYWr3SD97l7iYJylsx3_PQgc6rVuzoowKQQ5FQw0ymnLb8nE5e-rnPMb5PUjxV8CAAA,2024-03-06,2024-03-20,Allocation,967.3
46142743,7C,VERA 7,13JM,SUMMIT PETROLEUM LLC(829221),UPTON,Submitted: 03/06/2024 Approved: 03/20/2024,897999,Horizontal,New Drill,N,8700,,APPROVED,https://webapps2.rrc.texas.gov/EWA/drillingPermitDetailAction.do?methodToCall=searchByUniversalDocNo&universalDocNo=497060493&rrcActionMan=H4sIAAAAAAAAAL1Qu27DMAz8mnQURFlxu3AwinbuI2gGI4NiC4oA2TIouQ_AH1_aRYHU6ZxJx-PpeOQEUqKaQALCDVFTNdnH_qWhtpYHXPgPezTDkJTgtsj20yTh4vumqLQuWKBwox4f9hXDYoYt-RB8754sdT6n59HS14-raCOLNHY2n2K7i_cmBCa2SDaP1O_iqzXUnJi6Q3kRpk5LtyKXxGDIdG8mjHbJyBl0CVrdLoHY8Gid79Pe59mM3f7UoFb1uX41Fq52g_S7e4mDcZbOdvz3IHCo17o5K8KkEORUMNAopy2_JROXv69yzm9HIUTOXwIAAA,2024-03-06,2024-03-20,Allocation,967.3
47538768,08,CONDIMENT KING 6920A-34,2H,JAGGED PEAK ENERGY LLC(429574),WARD,Submitted: 03/12/2024 Approved: 03/18/2024,898109,Horizontal,New Drill,N,12500,,APPROVED,https://webapps2.rrc.texas.gov/EWA/drillingPermitDetailAction.do?methodToCall=searchByUniversalDocNo&universalDocNo=497060503&rrcActionMan=H4sIAAAAAAAAAL1Qu27DMAz8mnQUJFl2vHAwinZuk6AZjAyKLSgCbMug5D4AfXxpFwVSp3MmHY-n45FJcA4yCS5APCA2VROdH3YNtjU_wcJ_mLMexyAZtVk0nzow6983WaVURgIJG_n8dKwIZjNs0XWdG-yLwd7F8DoZ_PpxZa0nkYLexItvD_5Rdx0ROaCJEw4HvzcamwtRJfCbMHVYuhXawEaNun_T3WSWjJRBbfOs3BblXOVwNtYN4ejibEZuf2ohV_W1fjVW3O0G4Xf3AkZtDV7t-O9BxKle6-asIJIEwVNGQAFPOb0FEbe_73LObxHQmV5fAgAA,2024-03-12,2024-03-18,,573.39
47538775,08,DIRE WOLF 10 1BS A,1H,"POINT ENERGY PARTNERS PETRO, LLC(668897)",WARD,Submitted: 03/27/2024 Approved: 04/02/2024,898421,Horizontal,New Drill,N,13000,,APPROVED,https://webapps2.rrc.texas.gov/EWA/drillingPermitDetailAction.do?methodToCall=searchByUniversalDocNo&universalDocNo=497107409&rrcActionMan=H4sIAAAAAAAAAL1Qu27DMAz8mnQ0JFmOs3AwinbuI2gGI4NiE4oA2TIouQ_AH1_aRYHU6ZxJx-PpeOQkhQA1SSFB3hE1VZNc6F8aamtxhIX_wJMZhqgybmcJP03MbHjf5JXWOQsUbNTjw6FimM-wJee96-0TUudSfB6Rvn5cszawSEOH6Rzafbg33jNRAGEaqd-HVzTUnJnagbgKU8elW5GN2WDIdG_Gj7hk5Ay6LPJdWRZzVcAJrevjwaXZjN3-1FKt6kv9aqy82Q3i7-5bGIxFutjx34PIY73WzVlBTgqkmHIGGsRU8Ltl4vr3Tc75DaBmi2xfAgAA,2024-03-27,2024-04-02,Allocation,973.21
47538776,08,DIRE WOLF 10 1BS B,2H,"POINT ENERGY PARTNERS PETRO, LLC(668897)",WARD,Submitted: 03/27/2024 Approved: 04/02/2024,898423,Horizontal,New Drill,N,13000,,APPROVED,https://webapps2.rrc.texas.gov/EWA/drillingPermitDetailAction.do?methodToCall=searchByUniversalDocNo&universalDocNo=497107411&rrcActionMan=H4sIAAAAAAAAAL1QTW-DMAz9Nd0RJSFALz6gaTtvbbUeUA8pWGkkIMgJ-5D48TNMkzq6c095fn55fvYkhQA1SSFBPhDVZR2d73c1NZU4wcJ_4NkMQ1AJt5OInyYk1r9v0lLrlAUKNur56VgyTGfYkGtb19sXpM7F8Doiff24Jo1nkYYO48U3B_9o2paJDAjjSP3B79FQfWFqC-ImTBWWbkk2JIMh072ZdsQlI2fQRZZuiyKfqwzOaF0fji7OZuz2p5ZqVV_rV2Pl3W4QfnfPYTAW6WrHfw8iT9VaN2cFOSmQYkoZaBBTxm_OxO3vu5zzG0UbI3FfAgAA,2024-03-27,2024-04-02,Allocation,973.21
47538777,08,DIRE WOLF 10 1BS C,3H,"POINT ENERGY PARTNERS PETRO, LLC(668897)",WARD,Submitted: 03/27/2024 Approved: 04/02/2024,898424,Horizontal,New Drill,N,13000,,APPROVED,https://webapps2.rrc.texas.gov/EWA/drillingPermitDetailAction.do?methodToCall=searchByUniversalDocNo&universalDocNo=497107413&rrcActionMan=H4sIAAAAAAAAAL1Qu27DMAz8mnQU9HKchYNRtHMfQTMYGRRbUATIlkHJfQD--NIuCqRO50w6Hk_HIyfBOchJcAHiDrGpmuxj_9JgW_MjLPyHPZlhSJJRm2X7aRJz8X2jKq0VCSRs5OPDoSKoZtiiD8H37sli53N6Hi1-_biyNpJIQ2fzObb7eG9CIKIAtHnEfh9frcHmTNQO-FWYOi3dCl1ig0HTvZkw2iUjZdBloXZlWc5VASfrfJ8OPs9m5PanFnJVX-pXY8XNbpB-d9_CYJzFix3_PYg41mvdnBXEJEHwSRHQwKeC3i0R179vcs5v5s9Eel8CAAA,2024-03-27,2024-04-02,Allocation,973.21
47538778,08,DIRE WOLF 30 3BS C,3H,"POINT ENERGY PARTNERS PETRO, LLC(668897)",WARD,Submitted: 03/27/2024 Approved: 04/02/2024,898426,Horizontal,New Drill,N,13000,,APPROVED,https://webapps2.rrc.texas.gov/EWA/drillingPermitDetailAction.do?methodToCall=searchByUniversalDocNo&universalDocNo=497107414&rrcActionMan=H4sIAAAAAAAAAL1Qu27DMAz8mnQU9HLshYNRtHObBM1gZFBswRFgWwYl9wHo40u7KJA6nTPpeDwdj0yCc5BJcAHiAbEu6-j8sKuxqfgJFv7Dns04BsmozaL9NIG1_n2jSq0VCSRs5PPTsSSoZtig6zo3tC8WexfD62Tx68eVNZ5EGnobL745-EfTdURkgDZOOBz83hqsL0QVwG_CVGHpltgGNho0_ZvpJrtkpAw6z1SR58VcZXC2rRvC0cXZjNz-1EKu6mv9aqy42w3C7-5bGE1r8WrHfw8iTtVaN2cFkSQInhQBDTxl9G6JuP19l3N-A5dFTRFfAgAA,2024-03-27,2024-04-02,Allocation,973.21
47538779,08,DIRE WOLF 50 WA C,3H,"POINT ENERGY PARTNERS PETRO, LLC(668897)",WARD,Submitted: 03/27/2024 Approved: 04/02/2024,898427,Horizontal,New Drill,N,13000,,APPROVED,https://webapps2.rrc.texas.gov/EWA/drillingPermitDetailAction.do?methodToCall=searchByUniversalDocNo&universalDocNo=497107415&rrcActionMan=H4sIAAAAAAAAAL1QTW-DMAz9Nd0RJSGU7uADqrZzu1XrAfWQgpVGAoKcsA-JHz_DNKmjO_eU5-eX52ePUghQoxQS5ANRVVTR-e6loroUJ5j5Dzybvg8q4XYS8dOExPr3VVponbJAwUo9Px0LhukEa3JN4zq7Q2pdDPsB6evHNak9izS0GC--PvitaRomMiCMA3UH_4qGqgtTGxA3YcowdwuyIekNmfbNNAPOGTmDzrN0k-ePU5XBGa3rwtHFyYzd_tRSLepr_WKsvNsNwu_ua-iNRbra8d-DyFO51E1ZQY4KpBhTBhrEmPG7ZuL2913O-Q00kSoaXwIAAA,2024-03-27,2024-04-02,Allocation,973.21
47538780,08,DIRE WOLF 60 WB C,3H,"POINT ENERGY PARTNERS PETRO, LLC(668897)",WARD,Submitted: 03/27/2024 Approved: 04/02/2024,898428,Horizontal,New Drill,N,13000,,APPROVED,https://webapps2.rrc.texas.gov/EWA/drillingPermitDetailAction.do?methodToCall=searchByUniversalDocNo&universalDocNo=497107416&rrcActionMan=H4sIAAAAAAAAAL1Qu27DMAz8mnQU9HLihYNRtHMfQTMYGRRbcATIlkHJfQD6-NIuCqRO50w6Hk_HI7PgHGQWXIC4Q2yqJrkwvDTY1vwIC_9hT2Yco2TUZsl-msi68L5RldaKBBI28vHhUBFUM2zRee-G7sli71J8nix-_biyNpBIQ2_TObT7cG-8J6IAtGnCYR9ercHmTFQJ_CpMHZduhV1ko0HTvxk_2SUjZdC7QpW7ks9VASfbuSEeXJrNyO1PLeSqvtSvxoqb3SD-7r6F0XQWL3b89yDiWK91c1YQWYLgWRHQwHNB75aI6983Oec3r6gabV8CAAA,2024-03-27,2024-04-02,Allocation,973.21
